LAD,Publication,Owner
Aberdeen City,Aberdeen Citizen; Aberdeen Evening Express; Aberdeen Live; Press & Journal (Aberdeen),DC Thomson & Company Limited; Presumed independent
Aberdeenshire,Banffshire Journal; Buchan Observer; Deeside Piper and Herald; Donside Piper and Herald; Ellon Advertiser; Ellon Times; Fraserburgh Herald; Inverurie Advertiser; Inverurie Herald; Kincardineshire Observer; Mearns Leader; My Turriff; Turriff & District Advertiser,Iliffe Media; National World; Presumed independent
Adur,,
Allerdale,Times & Star (West Cumberland),Newsquest PLC
Amber Valley,,
Angus,Guide & Gazette (Angus); The Angus County Press,National World; Presumed independent
Antrim and Newtownabbey,,
Ards and North Down,,
Argyll and Bute,Argyllshire Advertiser; Campbeltown Courier; Dunoon Observer & Argyllshire Standard; Isle of Bute News (replacing JPI closure of Bute News); Oban Times & W Highland Times,Wyvex Media Ltd; Argyll Media
"Armagh City, Banbridge and Craigavon",Armagh I,Presumed independent
Arun,Bognor Regis Observer,National World
Ashfield,,
Ashford,Folkestone & Hythe Express; KM Extra (Ashford); KM Extra (Folkestone & Hythe); Kentish Express (Ashford); Kentish Express (Folkestone); Kentish Express (Romney); Kentish Express (Tenterden),Iliffe Media
Babergh,Attleborough Mercury; Barking & Dagenham Post; Beccles & Bungay Journal; Suffolk Free Press; Suffolk Live,Newsquest PLC; Iliffe Media; Presumed independent
Barking and Dagenham,,
Barnet,Barnet & Potters Bar Press; Barnet & Whetstone Press; Edgware & Mill Hill Press; Hendon & Finchley Press; Potters Bar Press,Tindle Newspapers Ltd
Barnsley,Barnsley Chronicle; Barnsley Independent,Acredula Group
Barrow-in-Furness,Barrow Advertiser; The Mail (NW England),Newsquest PLC
Basildon,Basildon Standard; East London Enquirer; Essex Enquirer; The Echo (Basildon); The Echo (Castle Point); The Echo (Southend); Thurrock Enquirer; Yellow Advertiser (Thurrock/Main),Newsquest PLC; Gateway Newspapers Ltd; Newshound Media Limited
Basingstoke and Deane,Basingstoke Extra; Basingstoke Gazette,Newsquest PLC
Bassetlaw,Retford Times; Retford Trader & Guardian; Worksop Guardian,Reach PLC; National World
Bath and North East Somerset,"Bath Chronicle; Frome Standard; Midsomer Norton, Radstock and District Journal; Somerset Guardian",Reach PLC; Tindle Newspapers Ltd
Bedford,Bedford Borough Times & Citizen; Bedford Independent; BedfordshireLive; Mid Beds Times & Citizen,National World; Presumed independent
Belfast,Andersonstown News; Belfast News; Belfast Telegraph; MyDerry; MyFermanagh; North Belfast News; North West Telegraph; South Belfast News; Sunday Life; The News Letter; VIEW/digital,Belfast Media Group; National World; Independent News and Media Ltd; Presumed independent
Bexley,,
Birmingham,Birmingham Mail; Birmingham Post; Birmingham World; Sunday Mercury,Reach PLC; Presumed independent
Blaby,,
Blackburn with Darwen,,
Blackpool,,
Blaenau Gwent,,
Bolsover,,
Bolton,Bolton Journal; Bolton News; Bury Times; Prestwich & Whitefield Guide,Newsquest PLC
Boston,Boston Standard; Boston Target; Skegness Standard; Sleaford Target; Spilsby Standard,National World; Reach PLC
"Bournemouth, Christchurch and Poole",,
Bracknell Forest,,
Bradford,Asian Standard Bradford; Bradford Telegraph & Argus; Keighley News,Presumed independent; Newsquest PLC
Braintree,Braintree & Witham Times (Braintree); Braintree & Witham Times (Dunmow); Braintree & Witham Times (Witham); Burnham Standard; Halstead Gazette; Maldon Standard,Newsquest PLC
Breckland,Bexley Times; Brent & Kilburn Times; Brentwood Recorder; Norfolk Live,Newsquest PLC; Presumed independent
Brent,Harrow Online,Presumed independent
Brentwood,,
Bridgend,Oggy Bloggy Ogwr,Presumed independent
Brighton and Hove,Brighton & Hove Independent; Brighton Argus; Brighton and Hove News; Mid Sussex Argus (Leader series); South Coast Leader,National World; Newsquest PLC; Presumed independent
"Bristol, City of",Bristol World; Local Voice Network; Patchway Journal; The Bristol Cable; The Week In,Presumed independent
Broadland,,
Bromley,Bexley News Shopper; Bromley News Shopper; Chelsea News; Dartford & Swanley News Shopper; Fulham Chronicle; Greenwich News Shopper; Kensington News; Lewisham & Catford News Shopper; London Weekly News,Newsquest PLC; Street Runners Ltd; Tindle Newspapers Ltd
Bromsgrove,,
Broxbourne,,
Broxtowe,,
Buckinghamshire,Bucks Free Press (replacing Reach closure of Buckinghamshire Advertiser/Examiner),Newsquest PLC
Burnley,Barnoldswick & Earby Times; Burnley Express (Burnley); Burnley Express (Padiham); Colne Times; Nelson Leader,National World
Bury,,
Caerphilly,Caerphilly Observer,Presumed independent
Calderdale,Brighouse Echo; Halifax Courier; Todmorden News & Hebden Bridge Times,National World
Cambridge,Cambridge Independent; HI HUB,Iliffe Media; Presumed independent
Camden,Broadway Ham & High; Bromley Times; Bury Mercury; Bury Mercury (Mildenhall); Camden New Journal; Coastal Scene; Dereham Times; Fitzrovia News; Islington Tribune; West End Extra,Newsquest PLC; New Journal Enterprises Ltd; Presumed independent
Cannock Chase,,
Canterbury,Faversham News; Herne Bay Gazette; KM Extra (Canterbury); Kentish Gazette; Whitstable Gazette,Iliffe Media
Cardiff,Cynon Valley Leader; Glamorgan Gazette; Gwent Gazette; Inksplott; Pontypridd & Llantrisant Observer; Rhondda Leader; Rhymney Valley Express; South Wales Echo; Western Mail Newport,Reach PLC; Presumed independent
Carlisle,East Cumbrian Gazette; News & Star - Carlisle; The Cumberland News; West Cumbrian Gazette,Newsquest PLC
Carmarthenshire,Carmarthen Journal; Carmarthenshire Herald; Llanelli Herald; Llanelli Online; Llanelli Star; South Wales Guardian,Reach PLC; Herald News International; Presumed independent; Newsquest PLC
Castle Point,,
Causeway Coast and Glens,,
Central Bedfordshire,Biggleswade Chronicle,National World
Ceredigion,Cambrian News; Ceredigion Herald; Tivyside Advertiser,Tindle Newspapers Ltd; Herald News International; Newsquest PLC
Charnwood,Loughborough Echo; Shepshed Echo,Reach PLC
Chelmsford,Brentwood Gazette (Billericay); Brentwood Gazette (Brentford); Brentwood Gazette (Ongar); Brentwood Gazette (Romford); Essex Chronicle (Braintree); Essex Chronicle (Chelmsford); Essex Chronicle (Maldon),Reach PLC
Cheltenham,Cheltenham Live; Gloucestershire Echo; The Cheltenham Post,Presumed independent; Reach PLC; Independent
Cherwell,Banbury Guardian,National World
Cheshire East,Alsager Chronicle; Biddulph Chronicle; Congleton Chronicle; Macclesfield Express; Nantwich News,Heads (Congleton); Reach PLC; Presumed independent
Cheshire West and Chester,Chester Chronicle; Chronicle Xtra - Chester; Chronicle Xtra - South Cheshire; Crewe Chronicle; Crewe Guardian; Ellesmere Port Standard; Knutsford Guardian; Middlewich Guardian; Nantwich Chronicle; Northwich Guardian; The Chronicle (Sandbach & Middlewich Edition); Wilmslow Guardian; Winsford Guardian,Reach PLC; Newsquest PLC
Chesterfield,Derbyshire Times; Matlock Mercury,National World
Chichester,Chichester Observer; Midhurst & Petworth Observer,National World
Chorley,,
City of Edinburgh,Broughton Spurtle; Edinburgh Evening News; Edinburgh Reporter; Midlothian Advertiser; North Edinburgh Community News; The Ferret; The Lochside Press; The Scotsman,Presumed independent; National World
City of London,City Matters; London World,City Publishing Ltd; Presumed independent
Clackmannanshire,Alloa & Hillfoots Advertiser Journal; Stirling News,Newsquest PLC
Colchester,Colchester Gazette; Essex County Standard,Newsquest PLC
Conwy,Daily Post - Conwy; Flintshire Chronicle; North Wales Weekly News,Reach PLC
Copeland,Whitehaven News,Newsquest PLC
Cornwall,"Bude & Stratton Post; Camelford & Delabole Post; Cornish & Devon Post; Cornish Guardian (Bodmin & District); Cornish Guardian (Lostwithiel & Foney); Cornish Guardian (Newquay); Cornish Guardian (North Cornwall); Cornish Guardian (South East); Cornish Guardian (St Austell); Cornish Guardian (Wadebridge & Padstow); Cornish Stuff; Cornish Times; Cornwall Reports; Falmouth & Penryn Packet; Heartlands Voice; Helston Packet; Holsworthy Post; Launceston & Bude Journal Gazette; Liskeard Voice; Saltash Voice; St Ives Times & Echo; Sunday Independent; Sunday Independent (Cornwall); Sunday Independent (Devon); Sunday Independent (Plymouth); The Cornishman; West Briton (Falmouth & Penryn); West Briton (Helston & The Lizard); West Briton (Redruth, Camborne & Hayle); West Briton (Truro & Mid Cornwall); West Cornwall Packet",Tindle Newspapers Ltd; Reach PLC; Presumed independent; Newsquest PLC; The St Ives Printing and Publishing Company Ltd; Peter Masters
Cotswold,Cotswold Journal; Gloucestershire Independent; Wilts & Gloucestershire Standard,Newsquest PLC
County Durham,Durham Advertiser; Teesdale Mercury; Wear Valley Advertiser; Weardale Community News,Newsquest PLC; Teesdale Mercury Ltd; Independent
Coventry,Coventry Telegraph,Reach PLC
Craven,Craven Herald & Pioneer; Ilkley Gazette; Wharfedale & Aireborough Observer,Newsquest PLC
Crawley,Crawley Observer; Surrey Mirror (Horley & Gatwick); Weekend Herald,National World; Reach PLC
Croydon,Inside Croydon,Presumed independent
Dacorum,,
Darlington,"Chester-le-Street Advertiser; Consett & Stanley Advertiser; Darlington & Stockton Times; Darlington Live; Darlington, Aycliffe & Sedgefield Advertiser; Durham Times; North Yorkshire Advertiser; Northern Echo; Teeside Northern Echo",Newsquest PLC; Presumed independent
Dartford,,
Denbighshire,,
Derby,Derby News; Derby Telegraph; Hold the Front Page,Presumed independent; Reach PLC
Derbyshire Dales,Ashbourne News Telegraph,Reach PLC
Derry City and Strabane,,
Doncaster,Dearne Valley Weekender; Doncaster Free Press; Thorne Times,Regional Media Ltd; National World; Presumed independent
Dorset,Dorchester Nub News; Lyme Online; LymeOnline Extra; MySuttonColdfield; Royal Sutton Coldfield Observer; The Blackmore Vale; The West Dorset Magazine,Presumed independent; Independent
Dover,Dover Mercury; East Kent Mercury,Iliffe Media
Dudley,Bromsgrove Advertiser; Chronicle Week (Dudley); Droitwich Advertiser; Dudley News; Halesowen News; Redditch Advertiser; Stourbridge News; The Shuttle (Kidderminster),Newsquest PLC; Midland News Association
Dumfries and Galloway,Annandale Herald & Moffat News; Annandale Observer; Dumfries & Galloway Standard; Dumfries Courier; Eskdale & Liddesdale Advertiser; Galloway Gazette & Stranraer News; Galloway News; Stranraer & Wigtownshire Free Press,DNG Online Limited; Reach PLC; Independent; National World; Stair Estates
Dundee City,Courier & Advertiser (Dundee); Dundee Evening Telegraph,DC Thomson & Company Limited
Ealing,Ealing Today,Presumed independent
East Ayrshire,Cumnock Chronicle & Muirkirk Advertiser,Newsquest PLC
East Cambridgeshire,Dunmow Broadcast,Newsquest PLC
East Devon,East Anglian Daily Times (East); East Anglian Daily Times (Essex); East Anglian Daily Times (West); East Devon News; Eastern Daily Press; Eastern Daily Press (Fenland); Sidmouth Nub News,Newsquest PLC; Presumed independent
East Dunbartonshire,Bishopbriggs Herald; Kirkintilloch Herald; Milngavie & Bearsden Herald; Springburn Herald,National World
East Hampshire,Alton Gazette; Bordon Messenger; Bordon Post; Clanfield Post; Godalming Messenger; Haslemere Messenger; Horndean Post; Petersfield Herald; Petersfield Messenger; Petersfield Post; Surrey & Hants News,Tindle Newspapers Ltd
East Hertfordshire,Bishop's Stortford Independent; Hertfordshire Mercury (Buntingford & Royston); Hertfordshire Mercury (Cheshunt & Waltham); Hertfordshire Mercury (Hoddesdon & Broxbourne); Hertfordshire Mercury (Main Edition); Midweek Mercury (Hitchin),Iliffe Media; Reach PLC
East Lindsey,East Lindsey Target; Horncastle News; Louth Leader; Mablethorpe & Sutton Leader,Reach PLC; National World
East Lothian,East Lothian Courier,Newsquest PLC
East Renfrewshire,,
East Riding of Yorkshire,Goole Times; Holderness Gazette; Pocklington Post; The Bridlington Echo,Chronicle Publications Limited; Holderness Newspaper Limited; National World; Presumed independent
East Staffordshire,Burton Mail; Uttoxeter Advertiser,Reach PLC
East Suffolk,,
Eastbourne,Eastbourne Gazette (Eastbourne); Eastbourne Gazette (Seaford); Eastbourne Herald,National World
Eastleigh,,
Eden,Cumberland & Westmorland Herald; Cumbria Crack,Barrnon Media; Presumed independent
Elmbridge,,
Enfield,Bubblewrap; Enfield Dispatch; Winchmore Hill Advertiser & Herald,Presumed independent; Tindle Newspapers Ltd
Epping Forest,Waltham Forest Independent,Newsquest PLC
Epsom and Ewell,,
Erewash,Eastwood Advertiser,National World
Exeter,Exeter Observer; Express and Echo,Presumed independent; Reach PLC
Falkirk,Bo'ness Journal; Falkirk Herald; Linlithgow Journal & Gazette; Queensferry Gazette,National World
Fareham,,
Fenland,Ely Standard (Ely); Ely Standard (Soham),Newsquest PLC
Fermanagh and Omagh,,
Fife,Allanwater Herald; Central Fife Times & Advertiser; Dunfermline Press & West of Fife Advertiser; East Fife Mail; Fife & Kinross Extra; Fife Free Press; Fife Herald; Glenrothes Gazette; St Andrews Citizen; Strathallan Times,Newsquest PLC; National World
Flintshire,"Chester & District Standard; Corwen, Bala & Llangollen Free Press; Deeside.com; Denbighshire Free Press; Flintshire Standard; North Wales Chronicle; North Wales Pioneer; Rhyl Prestatyn Abergele Journal; The Leader (Flintshire); Whitchurch Herald; Wrexham Leader",Newsquest PLC; Presumed independent
Folkestone and Hythe,,
Forest of Dean,Gloucester Review; The Forester,Tindle Newspapers Ltd
Fylde,Fleetwood Weekly News; Gazette - Blackpool; Lytham St Annes Express,National World
Gateshead,,
Gedling,Gedling Eye,Presumed independent
Glasgow City,Glasgow West End Today; Glasgow World; Greater Govanhill CIC,Presumed independent
Gloucester,The Gloucester Citizen,Reach PLC
Gosport,,
Gravesham,Dartford Messenger; Gravesend & Dartford Messenger Extra; Gravesend Messenger,Iliffe Media
Great Yarmouth,Exmouth Herald; Exmouth Journal (Budleigh); Exmouth Journal (Exmouth),Newsquest PLC
Greenwich,853 London; Charlton Champion,Presumed independent
Guildford,"Aldershot News & Mail (Aldershot); Aldershot News & Mail (Camberley); Aldershot News & Mail (Farnborough); Aldershot News & Mail (Farnham); Aldershot News & Mail (Fleet); Aldershot News & Mail (Sandhurst & Crowthorne); Aldershot News & Mail (Yateley); Brentford, Isleworth & Chiswick Chronicle; Ealing Gazette (Ealing & Acton); Ealing Gazette (Greenford & Northolt); Ealing Gazette (Southall); Feltham Chronicle; Guildford Dragon News; Harefield Gazette; Hayes & Harlington Gazette; Hounslow Chronicle; Ruislip & Eastcote Gazette; Staines Informer; Surrey & Hants Star Courier; Surrey Advertiser (Chertsey & Addlestone); Surrey Advertiser (Cranleigh); Surrey Advertiser (Dorking & Leatherhead); Surrey Advertiser (Elmbridge); Surrey Advertiser (Godalming); Surrey Advertiser (Guildford); Surrey Advertiser (Woking); Uxbridge Gazette; Walton & Weybridge Informer",Reach PLC; Presumed independent
Gwynedd,Bangor Mail; Brecon & Radnor Express; Caernarfon Herald; Holyhead & Anglesey Mail; North.Wales; Y Cymro,Reach PLC; Tindle Newspapers Ltd; Presumed independent; Cyfryngau Cymru Cyf
Hackney,Hackney Citizen,Presumed independent
Halton,Runcorn & Widnes Weekly News,Reach PLC
Hambleton,Easingwold Advertiser; Thirsk Weekly News,GH Smith & Son Ltd
Hammersmith and Fulham,,
Harborough,Harborough Mail,National World
Haringey,Tottenham Community Press,Presumed independent
Harlow,Harlow Guardian (replacing Reach closure of Harlow Star); Your Harlow; Your Thurrock,Newsquest PLC; Presumed independent
Harrogate,Harrogate Advertiser; Knaresborough Post; North Yorkshire News; Ripon Gazette; The Herald (Harrogate); Wetherby News,National World
Harrow,,
Hart,,
Hartlepool,Hartlepool Life; Hartlepool Mail,Independent; National World
Hastings,Battle Observer; Bexhill Observer; Hastings Independent Press; Hastings Observer; Rye Observer,National World; Presumed independent
Havant,The Ems,Presumed independent
Havering,,
"Herefordshire, County of",,
Hertsmere,,
High Peak,Buxton Advertiser,National World
Highland,Caithness Courier; Highland News; Inverness Courier; John O'Groats Journal; Nairnshire Courier; North Star; Northern Times; Ross-shire Journal; Strathspey & Badenoch Herald; West Highland Free Press,Iliffe Media; Presumed independent; West Highland Publishing Company Limited
Hillingdon,Amersham Examiner; Hillingdon Herald; Pinner Observer; Wembley Observer,Reach PLC; Presumed independent
Hinckley and Bosworth,Hinckley Times,Reach PLC
Horsham,West Sussex Gazette,National World
Hounslow,"Brentford TW8; Nub News, Twickenham",Presumed independent
Huntingdonshire,Fakenham & Wells Times; Gravesend Reporter,Newsquest PLC
Hyndburn,,
Inverclyde,Greenock Telegraph,Newsquest PLC
Ipswich,Great Yarmouth Advertiser; Great Yarmouth Mercury; Hackney Gazette; Ham & High Express; Harleston Mercury,Newsquest PLC
Isle of Anglesey,,
Isle of Wight,Island Echo; Isle of Wight County Press,Presumed independent; Newsquest PLC
Isles of Scilly,,
Islington,EC1 Echo,Independent
Kensington and Chelsea,,
King's Lynn and West Norfolk,Fenland Citizen; Lynn News; Your Local Paper,Iliffe Media; Your Local Paper Ltd
"Kingston upon Hull, City of",,
Kingston upon Thames,,
Kirklees,Huddersfield Daily Examiner; The Press - Dewsbury,Reach PLC; The Press News Limited
Knowsley,,
Lambeth,Abbey Wood & Thamesmead Mercury; Bexley Mercury; Brixton Blog/Bugle; Catford Mercury (South London Press); Lewisham Mercury; Plumstead Mercury; South London Press (Brixton); South London Press (Deptford & New Cross); South London Press (Dulwich); South London Press (Forest Hill & Sydenham); South London Press (Streatham); South London Press (Wandsworth); South London Press (Wimbledon); Woolwich Mercury,Tindle Newspapers Ltd; Presumed independent; Street Runners Ltd
Lancaster,Bentham Guardian; Lancaster Guardian; Morecambe Guardian; The Visitor (Morecambe),National World
Leeds,Asian Standard Kirklees; Asian Standard Leeds; Batley & Birstall News; Dewsbury & Mirfield Reporter; South Leeds Life; Spenborough Guardian; The Yorkshire Post; Weekly News (Leeds); West Leeds Dispatch; Yorkshire Evening Post,Presumed independent; National World
Leicester,Leicester Mercury; Leicester Times; Mercury Extra,Reach PLC; Presumed independent
Lewes,"Sussex Express (Hailsham); Sussex Express (Heathfield, Uckfield & Crowborough); Sussex Express (Lewes); Sussex Express (Newhaven & Peacehaven)",National World
Lewisham,Lewisham Ledger,Presumed independent
Lichfield,Lichfield Live,Presumed independent
Lincoln,Lincolnshire Echo; The Lincolnite,Reach PLC; Presumed independent
Lisburn and Castlereagh,,
Liverpool,Anfield & Walton Star; Crosby & Bootle Star; Kirkby Star; Liverpool Echo; Liverpool Sunday Echo; Liverpool World; Maghall & Aintree Star; MyWirral; Ormskirk Advertiser; Southport Visiter; The Post (Liverpool),Reach PLC; Presumed independent
Luton,Herald & Post (Dunstable); Herald & Post (Luton); Leighton Buzzard Observer; Luton News,National World
Maidstone,KM Extra (Maidstone); Kent Messenger (Maidstone); Kent Messenger (Malling); Kent Messenger (Weald); Medway Messenger; Sittingbourne Messenger,Iliffe Media
Maldon,,
Malvern Hills,,
Manchester,Manchester World; The Meteor; You Local Voice,Presumed independent
Mansfield,Alfreton Chad; Ashfield Chad; Hucknall Dispatch; Mansfield Chad; News Journal,National World; Presumed independent
Medway,KM Extra (Medway),Iliffe Media
Melton,Melton Times,National World
Mendip,Central Somerset Gazette; Cheddar Valley Gazette; Frome Times; Shepton Mallet Journal; Wells Journal,Reach PLC; Presumed independent
Merthyr Tydfil,Merthyr Express,Reach PLC
Merton,,
Mid Devon,Crediton Courier; Tiverton Gazette,Tindle Newspapers Ltd; Reach PLC
Mid Suffolk,Herts Advertiser (Harpenden),Newsquest PLC
Mid Sussex,Mid Sussex Times; Mid Sussex Weekend Herald,National World
Mid Ulster,MyTyrone,Presumed independent
Mid and East Antrim,,
Middlesbrough,East Cleveland Herald & Post; Evening Gazette (Teesside); Middlesbrough Herald & Post; Stockton & Billingham Herald & Post,Reach PLC
Midlothian,Midlothian View,Presumed independent
Milton Keynes,Milton Keynes Citizen,National World
Mole Valley,Leatherhead Advertiser,Reach PLC
Monmouthshire,Abergavenny Chronicle; Chepstow Beacon; Monmouthshire Beacon,Tindle Newspapers Ltd
Moray,Banffshire Advertiser; Banffshire Herald; Forres Gazette; Northern Scot,Iliffe Media
Na h-Eileanan Siar,,
Neath Port Talbot,,
New Forest,Lymington Times; New Forest Post; New Milton Advertiser,Iliffe Media; Newsquest PLC
Newark and Sherwood,Bingham Advertiser; Newark Advertiser; The Trader,Iliffe Media
Newcastle upon Tyne,Asian Standard North-East; Newcastle Journal; Newcastle World; Newcastle upon Tyne Sunday Sun; The Chronicle - Newcastle; The Chronicle South Tyneside and Durham,Presumed independent; Reach PLC
Newcastle-under-Lyme,,
Newham,Newham Voices,Independent
Newport,Barry & District News; Free Press of Monmouth; Penarth Times; South Wales Argus; Weekly Argus (South Wales),Newsquest PLC
"Newry, Mourne and Down",Down News; Newry.ie,Presumed independent
North Ayrshire,Ardrossan Herald; Arran Banner; Ayr Advertiser; Carrick Herald; Irvine Herald; Irvine Times; Largs & Millport Weekly News; Troon Times,Newsquest PLC; Wyvex Media Ltd; Reach PLC
North Devon,Herts Advertiser (St Albans); North Devon Journal (Barnstaple); North Devon Journal (Bideford); North Devon Journal (Holsworthy); North Devon Journal (Ilfracombe); South Molton News,Newsquest PLC; Reach PLC; Presumed independent
North East Derbyshire,,
North East Lincolnshire,Grimsby Telegraph,Reach PLC
North Hertfordshire,,
North Kesteven,Sleaford Standard,National World
North Lanarkshire,Airdrie & Coatbridge Advertiser; Bellshill Speaker; Cumbernauld News; Kilsyth Chronicle; Motherwell Times,Reach PLC; National World
North Lincolnshire,Epworth Times (replacing JPI closure of Epworth Bells); Scunthorpe Telegraph,Independent; Reach PLC
North Norfolk,Hitchin Comet; Ilford Recorder,Newsquest PLC
North Northamptonshire,,
North Somerset,Ipswich Star; Ipswich Star (Felixstowe); Weston-Super-Mare Live,Newsquest PLC; Presumed independent
North Tyneside,,
North Warwickshire,,
North West Leicestershire,,
Northumberland,Berwick Advertiser; Berwickshire News East Lothian Herald; Hexham Courant; Morpeth Herald; News Guardian - Whitley Bay; Northumberland Gazette; Northumberland News Post Leader; The Ambler; The Journal Northumberland,National World; Newsquest PLC; Presumed independent
Norwich,Islington Gazette; Letchworth & Baldock Comet; Lowestoft Journal; Newham Recorder,Newsquest PLC
Nottingham,Nottingham Post; Nottingham Post Lite,Reach PLC
Nuneaton and Bedworth,,
Oadby and Wigston,,
Oldham,Accrington Observer; Heywood Advertiser; Manchester Evening News; Manchester Weekly News; Middleton & North Manchester Guardian; Oldham Evening Chronicle; Oldham Reporter; Oldham Times; Rochdale Observer; Rossendale Free Press; Saddleworth Independent; Sale & Altrincham Advertiser; South Manchester Report; Stockport Express; Stretford & Urmston Advertiser,Reach PLC; Credible Media; Quest Media Network Ltd; Newsquest PLC; Presumed independent
Orkney Islands,The Orcadian,Orkney Media Group
Oxford,Abingdon Herald; Banbury Cake; Bicester Advertiser; Didcot Herald; Oxford Mail; Oxford Times; Oxfordshire Live; Oxfordshire Star; Wallingford Herald; Wantage & Grove Herald; Witney Gazette,Newsquest PLC; Presumed independent
Pembrokeshire,County Echo; Milford & West Wales Mercury; Narbeth & Whitland Observer; Pembroke & Pembroke Dock Observer; Pembrokeshire Herald; Tenby Observer; Western Telegraph,Tindle Newspapers Ltd; Newsquest PLC; Herald News International
Pendle,Pendle Express,National World
Perth and Kinross,Blairgowrie Advertiser; Perthshire Advertiser; Strathearn Herald,Reach PLC
Peterborough,Peterborough Telegraph; PeterboroughLive,National World; Presumed independent
Plymouth,Devon Live; The Herald (Plymouth); Western Morning News; Western Morning News (Cornwall); Western Morning News on Sunday,Presumed independent; Reach PLC
Portsmouth,Star & Crescent,Presumed independent
Powys,County Times (Powys); Mid Wales Journal; My Newtown; My Welshpool,Newsquest PLC; Midland News Association; Presumed independent
Preston,Chorley Guardian; Garstang Courier; Lancashire Evening Post; Leyland Guardian; Longridge News & Ribble Valley Advertiser,National World
Reading,"Ascot News; Bracknell & Wokingham Midweek; Bracknell News; Getreading; Midweek Observer; Reading Chronicle; Reading Midweek; Reading Today; Slough & South Bucks Observer; The Royal Borough Observer; The Wokingham Paper; Wokingham, Crowthorne & Sandhurst News; Woodley & Earley Chronicle",Newsquest PLC; Reach PLC; Presumed independent; The Wokingham Paper Ltd
Redbridge,North Devon Gazette; North Norfolk News; North Somerset Times; Norwich Evening News; Norwich Extra; Ottery Herald; Potters Bar Times; Romford & Havering Post; Romford Recorder; Royston Crow; Saffron Walden Reporter; Sidmouth Herald,Newsquest PLC
Redcar and Cleveland,,
Redditch,Droitwich Standard; Evesham Observer; Malvern Observer; Pershore Observer; Redditch Standard; Worcester Observer,Bullivant Media Ltd
Reigate and Banstead,Croydon Advertiser; Dorking Advertiser; East Grinstead Courier; Surrey Mirror (Main Edition),Reach PLC
Renfrewshire,,
Rhondda Cynon Taf,,
Ribble Valley,Clitheroe Advertiser & Times,National World
Richmond upon Thames,"Nub News, Kingston upon Thames",Presumed independent
Richmondshire,Hambleton Today; Richmonshire Today,Presumed independent
Rochdale,Rochdale Online,Presumed independent
Rochford,,
Rossendale,,
Rother,,
Rotherham,Rotherham Advertiser; Rotherham Record,Regional Media Ltd
Rugby,Rugby Advertiser,National World
Runnymede,,
Rushcliffe,West Bridgford Wire,Presumed independent
Rushmoor,,
Rutland,,
Ryedale,,
Salford,Salford City News;,Newsquest PLC
Sandwell,Chronicle Week (Sandwell); Express and Star (Sandwell),Midland News Association
Scarborough,Bridlington Free Press; Filey & Hunmanby Mercury; Scarborough News; Whitby Gazette,National World
Scottish Borders,Border Telegraph; Peeblesshire News; Southern Reporter; The Hawick Paper,Newsquest PLC; National World; Independent
Sedgemoor,Bridgwater Mercury; Burnham & Highbridge Weekly News,Newsquest PLC
Sefton,Aintree & Maghull Champion; Anfield & Walton Champion; Bootle Champion; Crosby & Litherland Champion; Formby Champion; Ormskirk & West Lancashire Champion; Skelmersdale Advertiser; Skelmersdale Champion; Southport Champion,Waypride Ltd; Reach PLC
Selby,Selby Times & Post,Chronicle Publications Limited
Sevenoaks,Biggin Hill News; Orpington News; Sevenoaks Chronicle,Tindle Newspapers Ltd; Reach PLC
Sheffield,Sheffield Star; Sheffield Telegraph; Sheffield Tribune,National World; Presumed independent
Shetland Islands,Shetland News; Shetland Times,Presumed independent; The Shetland Times Limited
Shropshire,Bridgnorth Journal; Market Drayton Advertiser; North Shropshire Chronicle; Oswestry & Border Counties Advertizer; Shrewsbury Chronicle; South Shropshire Journal,Midland News Association; Newsquest PLC
Slough,,
Solihull,,
Somerset West and Taunton,,
South Ayrshire,Ayrshire Post; Carrick Gazette & Girvan News; Carrick Post; Kilmarnock Standard,Reach PLC; National World
South Cambridgeshire,Cambridge News; Cambridge News & Crier,Reach PLC
South Derbyshire,,
South Gloucestershire,Filton Journal; South Glos Post; Stoke Gifford Journal,Presumed independent
South Hams,Dartmouth Chronicle; Ivybridge & South Brent Gazette; Kingsbridge & Salcombe Gazette; Totnes Times,Tindle Newspapers Ltd
South Holland,Lincolnshire Free Press; Spalding Guardian,Iliffe Media
South Kesteven,Bourne Local; Grantham Journal; Rutland & Stamford Mercury; Rutland Times,Iliffe Media
South Lakeland,South Lakes Citizen; Westmorland Gazette,Newsquest PLC
South Lanarkshire,Carluke Gazette; East Kilbride News; Hamilton Advertiser; Lanark Gazette; Rutherglen Reformer; Wishaw Press,National World; Reach PLC
South Norfolk,Diss Express; Stevenage Comet; Stowmarket Mercury; Sudbury Mercury; The Docklands & East London Advertiser,Iliffe Media; Newsquest PLC
South Oxfordshire,Henley Standard,Higgs Group
South Ribble,,
South Somerset,"Chard & Ilminster News; Western Gazette (Crewkerne); Western Gazette (Sherborne); Western Gazette (Somerton & Langport); Western Gazette (Wincanton, Castle Cary & Bruton); Western Gazette (Yeovil)",Newsquest PLC; Reach PLC
South Staffordshire,,
South Tyneside,Shields Gazette,National World
Southampton,Bitternepark.info; Southampton News Extra; Southern Daily Echo,Presumed independent; Newsquest PLC
Southend-on-Sea,"Brentwood Yellow Advertiser; Castle Point, Rayleigh & Rochford Standard; Southend Standard",Tindle Newspapers Ltd; Newsquest PLC
Southwark,Dulwich Diverter; London Se1; Southwark News; The Camberwell Clarion; The Peckham Peculiar,Presumed independent; Southwark News Ltd
Spelthorne,,
St Albans,The Hunts Post (Huntingdon); The Hunts Post (St Neots),Newsquest PLC
St. Helens,,
Stafford,A Little Bit of Stone; Staffordshire Newsletter,Presumed independent; Reach PLC
Staffordshire Moorlands,Leek Post and Times,Reach PLC
Stevenage,Thetford & Brandon Times; Tottenham & Wood Green Journal; Wanstead & Woodford Recorder; Watton & Swaffham Times,Newsquest PLC
Stirling,Stirling Observer,Reach PLC
Stockport,Heatons Post; Wythenshawe Reporter,Independent; Presumed independent
Stockton-on-Tees,,
Stoke-on-Trent,Blythe & Forsbrook Times; Cheadle & Tean Times; Sentinel Advertiser; The Sentinel - Stoke; Uttoxeter Echo,Cheadle and Tean Times Ltd; Reach PLC
Stratford-on-Avon,Midweek Herald; Stratford Herald,Iliffe Media
Stroud,Forest of Dean & Wye Valley Review; Gloucestershire County Gazette; Stroud News & Journal; Stroud Times; Wotton Times,Tindle Newspapers Ltd; Newsquest PLC; Presumed independent
Sunderland,Peterlee Star; Seaham & Houghton Star; Sunderland Echo; Washington Star,National World
Surrey Heath,,
Sutton,Epsom Comet; Mitcham & Morden Guardian; Sutton Guardian; Wandsworth Guardian; Wimbledon Guardian,Newsquest PLC
Swale,Sheerness Times Guardian; Sittingbourne News Extra,Iliffe Media
Swansea,"Nub News, The Mumbles; South Wales Evening Post",Presumed independent; Reach PLC
Swindon,Swindon Advertiser; Swindon Star,Newsquest PLC
Tameside,Tameside Reporter,Quest Media Network Ltd
Tamworth,Cannock Mercury; Tamworth Herald,Reach PLC
Tandridge,Surrey Mirror (Caterham); Surrey Mirror (Tandridge),Reach PLC
Teignbridge,Dawlish Gazette; Dawlish Nub News; Dawlish Post; Mid-Devon Advertiser (Ashburton & Buckfastleigh); Mid-Devon Advertiser (Bovey Tracey & Chudleigh); Mid-Devon Advertiser (Kingsteignton); Mid-Devon Advertiser (Newton Abbot); Teignmouth News; Teignmouth Post; Torbay Weekly,Tindle Newspapers Ltd; Presumed independent; Newsquest PLC
Telford and Wrekin,Shropshire Star; Telford Journal; Telford Live,Midland News Association; Presumed independent
Tendring,Clacton Gazette; Frinton & Walton Gazette; Harwich Standard; Manningtree Standard,Newsquest PLC
Test Valley,Andover Advertiser; Romsey Advertiser,Newsquest PLC
Tewkesbury,,
Thanet,Isle of Thanet Gazette; Isle of Thanet News; KM Extra (Thanet),Reach PLC; Presumed independent; Iliffe Media
Three Rivers,,
Thurrock,Brentwood Weekly News; Chelmsford Weekly News; Thurrock Gazette,Newsquest PLC
Tonbridge and Malling,The Times of Tonbridge,One Media and Creative UK Ltd
Torbay,Herald Express (Bay & County); Herald Express (Brixham & South Hams); Herald Express (Newton & Teign),Reach PLC
Torfaen,,
Torridge,,
Tower Hamlets,Buckkinghamshire Live; Roman Road LDN,Presumed independent
Trafford,Altrincham Today; Radcliffe Times; Sale & Altrincham Messenger; Stretford & Urmston Messenger,Presumed independent; Newsquest PLC
Tunbridge Wells,Kent & Sussex Courier (Edenbridge); Kent & Sussex Courier (Paddock Wood); Kent & Sussex Courier (Sussex); Kent & Sussex Courier (Tonbridge); Kent & Sussex Courier (Tunbridge Wells); The Times of Tunbridge Wells,Reach PLC; One Media and Creative UK Ltd
Uttlesford,"Welwyn Hatfield Times; Weston, Worle & Somerset Mercury",Newsquest PLC
Vale of Glamorgan,,
Vale of White Horse,,
Wakefield,Pontefract & Castleford Express; Wakefield Express,National World
Walsall,,
Waltham Forest,Barnet Post; East London and West Essex Guardian; Waltham Forest Echo,Presumed independent; Newsquest PLC
Wandsworth,,
Warrington,Runcorn & Widnes World; Warrington Guardian; Warrington Live; Warrington Midweek; Warrington Post,Newsquest PLC; Presumed independent
Warwick,Arden Observer; Bromsgrove Observer; Coventry Observer; Leamington Observer; Leamington Spa Courier; Lutterworth Observer; Rugby Observer; Shirley Observer; Solihull Observer; Stratford Observer,Bullivant Media Ltd; National World
Watford,Borehamwood & Elstree Times; Ealing Times; Edgware & Mill Hill Times; Enfield Independent; Epping Forest Guardian; Epping Forest Independent; Haringey Independent; Harrow Times; Hendon & Finchley Times; Hillingdon & Uxbridge Times; St Albans & Harpenden Review; The Watford Free; Tottenham & Wood Green Independent; Watford Observer,Newsquest PLC
Waverley,Alton Herald; Bordon Herald; Farnham Herald; Haslemere Herald; Liphook Herald,Tindle Newspapers Ltd
Wealden,Crowborough Life; The Bexhill News; Uckfield News,Presumed independent
Welwyn Hatfield,Woodford Recorder; Wymondham Mercury,Newsquest PLC
West Berkshire,Newbury & Thatcham Advertiser; Newbury Weekly News,Iliffe Media
West Devon,East Cornwall Times; Okehampton Times; Princetown Times Gazette,Tindle Newspapers Ltd
West Dunbartonshire,Barrhead News; Clydebank Post; Dumbarton Vale of Leven Reporter; Helensburgh Advertiser; Paisley & Renfrewshire Gazette; Paisley People,Newsquest PLC
West Lancashire,,
West Lindsey,Gainsborough Standard; Market Rasen Mail,National World
West Lothian,West Lothian Courier,Reach PLC
West Northamptonshire,NN Journal,Presumed independent
West Oxfordshire,,
West Suffolk,,
Westminster,,
Wigan,Leigh Journal; Leigh Reporter; Manchester Evening News Wigan; Prescot & Knowsley Reporter; Wigan Courier; Wigan Evening Post; Wigan Observer; Wigan Reporter,Newsquest PLC; National World; Presumed independent; Standish Media Services Ltd
Wiltshire,Melksham Independent News; Salisbury Advertiser; Salisbury Journal; White Horse News; Wiltshire Gazette & Herald (Chippenham); Wiltshire Gazette & Herald (Devizes); Wiltshire Gazette & Herald (Marlborough); Wiltshire Live; Wiltshire Star; Wiltshire Times,Presumed independent; Newsquest PLC
Winchester,Eastleigh News; Eastleigh Times; Hampshire Chronicle; Hampshire Independent; Mid Hampshire Observer; Winchester News Extra,Presumed independent; Newsquest PLC; Hampshire Media Ltd
Windsor and Maidenhead,"Maidenhead Advertiser; Slough & South Bucks Express; Twyford Advertiser; Windsor Advertiser; Windsor, Ascot & Eton Express",Baylis Media Ltd
Wirral,Wirral Globe,Newsquest PLC
Woking,Woking News and Mail,Woking News and Mail Ltd
Wokingham,Wokingham.Today,Presumed independent
Wolverhampton,Chronicle Week (Cannock); Chronicle Week (Walsall); Chronicle Week (Wolverhampton); Express and Star (Dudley); Express and Star (Walsall); Express and Star (Wolverhampton),Midland News Association
Worcester,Berrow's Worcester Journal; Evesham Journal; Ledbury Reporter; Malvern Gazette; Worcester News,Newsquest PLC
Worthing,Littlehampton Gazette; Steyning Herald; Worthing Herald,National World
Wrexham,Wrexham.com,Presumed independent
Wychavon,,
Wyre,,
Wyre Forest,,
York,Gazette & Herald - Yorkshire; The Press (York); York Mix,Newsquest PLC; Presumed independent
