LAD;Publication;Owner
Aberdeen City;"Aberdeen Citizen; Aberdeen Evening Express; Press & Journal (Aberdeen); Aberdeen Live";"DC Thomson & Company Limited; Presumed independent"
Aberdeenshire;"Banffshire Journal; Buchan Observer; Deeside Piper and Herald; Donside Piper and Herald; Ellon Advertiser; Ellon Times; Fraserburgh Herald; Inverurie Advertiser; Inverurie Herald; Kincardineshire Observer; Mearns Leader; My Turriff; Turriff & District Advertiser";"Iliffe Media; National World; Presumed independent"
Allerdale;Times & Star (West Cumberland);Newsquest PLC
Angus;"Guide & Gazette (Angus); The Angus County Press";"National World; Presumed independent"
Antrim and Newtownabbey;"Antrim & Ballymena Times; Antrim Guardian; Ballymena Guardian; Ballymoney Chronicle; Carrick Times; Larne Times; Newtownabbey Times";"National World; Alpha Newspaper Group"
Ards and North Down;"County Down Spectator; Newtownards Chronicle";"D E Alexander & Sons Ltd; Newtownards Chronicle Ltd"
Argyll and Bute;"Argyllshire Advertiser; Campbeltown Courier; Dunoon Observer & Argyllshire Standard; Isle of Bute News (replacing JPI closure of Bute News); Oban Times & W Highland Times";"Wyvex Media Ltd; Argyll Media"
Armagh City, Banbridge and Craigavon;"Armagh I; Banbridge Chronicle; Lurgan Mail; Portadown Times; The County Down Outlook; Ulster Gazette";"Presumed independent; Edward Hodgett Ltd; National World; Alpha Newspaper Group"
Arun;Bognor Regis Observer;National World
Ashford;"Folkestone & Hythe Express; KM Extra (Ashford); KM Extra (Folkestone & Hythe); Kentish Express (Ashford); Kentish Express (Folkestone); Kentish Express (Romney); Kentish Express (Tenterden)";Iliffe Media
Babergh;"Attleborough Mercury; Barking & Dagenham Post; Beccles & Bungay Journal; Suffolk Free Press; Suffolk Live";"Newsquest PLC; Iliffe Media; Presumed independent"
Barnet;"Barnet & Potters Bar Press; Barnet & Whetstone Press; Edgware & Mill Hill Press; Hendon & Finchley Press; Potters Bar Press";Tindle Newspapers Ltd
Barnsley;"Barnsley Chronicle; Barnsley Independent";Acredula Group
Barrow-in-Furness;"Barrow Advertiser; The Mail (NW England)";Newsquest PLC
Basildon;"Basildon Standard; East London Enquirer; Essex Enquirer; The Echo (Basildon); The Echo (Castle Point); The Echo (Southend); Thurrock Enquirer; Yellow Advertiser (Thurrock/Main)";"Newsquest PLC; Gateway Newspapers Ltd; Newshound Media Limited"
Basingstoke and Deane;"Basingstoke Extra; Basingstoke Gazette";Newsquest PLC
Bassetlaw;"Epworth Times (replacing JPI closure of Epworth Bells); Retford Times; Retford Trader & Guardian; Worksop Guardian";"Independent; Reach PLC; National World"
Bath and North East Somerset;"Bath Chronicle; Frome Standard; Midsomer Norton, Radstock and District Journal; Somerset Guardian";"Reach PLC; Tindle Newspapers Ltd"
Bedford;"Bedford Borough Times & Citizen; Bedford Independent; Mid Beds Times & Citizen; BedfordshireLive";"National World; Presumed independent"
Belfast;"Andersonstown News; Belfast News; Belfast Telegraph; North Belfast News; North West Telegraph; South Belfast News; Sunday Life; The News Letter; VIEW/digital; MyDerry; MyFermanagh";"Belfast Media Group; National World; Independent News and Media Ltd; Presumed independent"
Birmingham;"Birmingham Mail; Birmingham Post; Sunday Mercury; Birmingham World";"Reach PLC; Presumed independent"
Blackburn with Darwen;"Chorley & Leyland Citizen; Lancashire Telegraph; The Citizen (Blackburn)";Newsquest PLC
Bolton;"Bolton Journal; Bolton News; Bury Times; Prestwich & Whitefield Guide; Manchester Evening News Wigan";"Newsquest PLC; Presumed independent"
Boston;"Boston Standard; Boston Target; Skegness Standard; Sleaford Target; Spilsby Standard";"National World; Reach PLC"
Bournemouth, Christchurch and Poole;"Bournemouth Herald; Christchurch Advertiser; Poole Herald; Wimborne & Ferndown Advertiser";Newsquest PLC
Bradford;"Bradford Telegraph & Argus; Keighley News; Asian Standard Bradford; Asian Standard Kirklees";"Newsquest PLC; Presumed independent"
Braintree;"Braintree & Witham Times (Braintree); Braintree & Witham Times (Dunmow); Braintree & Witham Times (Witham); Burnham Standard; Halstead Gazette; Maldon Standard; Suffolk Live";"Newsquest PLC; Presumed independent"
Breckland;"Bexley Times; Brent & Kilburn Times; Brentwood Recorder; Norfolk Live";"Newsquest PLC; Presumed independent"
Brent;Harrow Online;Presumed independent
Bridgend;Oggy Bloggy Ogwr;Presumed independent
Brighton and Hove;"Brighton & Hove Independent; Brighton Argus; Brighton and Hove News; Mid Sussex Argus (Leader series); South Coast Leader";"National World; Newsquest PLC; Presumed independent"
Bristol, City of;"Bristol Post; Local Voice Network; North Somerset Mercury; Patchway Journal; The Bristol Cable; The Week In; Western Daily Press (Bristol & Wiltshire); Bristol World";"Reach PLC; Presumed independent"
Broadland;Norfolk Live;Presumed independent
Bromley;"Bexley News Shopper; Bromley News Shopper; Chelsea News; Dartford & Swanley News Shopper; Fulham Chronicle; Greenwich News Shopper; Kensington News; Lewisham & Catford News Shopper; London Weekly News";"Newsquest PLC; Street Runners Ltd; Tindle Newspapers Ltd"
Buckinghamshire;"Bicester Review; Buckingham Advertiser; Bucks Free Press; Bucks Free Press (replacing Reach closure of Buckinghamshire Advertiser/Examiner); Hemel Hempstead Gazette & Express; South Bucks Star; The Bucks Herald";"National World; Newsquest PLC"
Burnley;"Barnoldswick & Earby Times; Burnley Express (Burnley); Burnley Express (Padiham); Colne Times; Nelson Leader";National World
Caerphilly;Caerphilly Observer;Presumed independent
Calderdale;"Brighouse Echo; Halifax Courier; Todmorden News & Hebden Bridge Times";National World
Cambridge;"Cambridge Independent; HI HUB";"Iliffe Media; Presumed independent"
Camden;"Broadway Ham & High; Bromley Times; Bury Mercury; Bury Mercury (Mildenhall); Camden New Journal; Coastal Scene; Dereham Times; Fitzrovia News; Islington Tribune; West End Extra";"Newsquest PLC; New Journal Enterprises Ltd; Presumed independent"
Canterbury;"Faversham News; Herne Bay Gazette; KM Extra (Canterbury); Kentish Gazette; Whitstable Gazette";Iliffe Media
Cardiff;"Cynon Valley Leader; Glamorgan Gazette; Gwent Gazette; Inksplott; Pontypridd & Llantrisant Observer; Rhondda Leader; Rhymney Valley Express; South Wales Echo; Western Mail Newport";"Reach PLC; Presumed independent"
Carlisle;"East Cumbrian Gazette; News & Star - Carlisle; The Cumberland News; West Cumbrian Gazette";Newsquest PLC
Carmarthenshire;"Carmarthen Journal; Carmarthenshire Herald; Llanelli Herald; Llanelli Online; Llanelli Star; South Wales Guardian";"Reach PLC; Herald News International; Presumed independent; Newsquest PLC"
Causeway Coast and Glens;"Limavady Chronicle; Northern Constitution";Alpha Newspaper Group
Central Bedfordshire;"Biggleswade Chronicle; BedfordshireLive";"National World; Presumed independent"
Ceredigion;"Cambrian News; Ceredigion Herald; Tivyside Advertiser";"Tindle Newspapers Ltd; Herald News International; Newsquest PLC"
Charnwood;"Loughborough Echo; Shepshed Echo";Reach PLC
Chelmsford;"Brentwood Gazette (Billericay); Brentwood Gazette (Brentford); Brentwood Gazette (Ongar); Brentwood Gazette (Romford); Essex Chronicle (Braintree); Essex Chronicle (Chelmsford); Essex Chronicle (Maldon)";Reach PLC
Cheltenham;"Gloucestershire Echo; The Cheltenham Post; Cheltenham Live";"Reach PLC; Independent; Presumed independent"
Cherwell;Banbury Guardian;National World
Cheshire East;"Alsager Chronicle; Biddulph Chronicle; Congleton Chronicle; Macclesfield Express; Nantwich News; Wythenshawe Reporter";"Heads (Congleton); Reach PLC; Presumed independent"
Cheshire West and Chester;"Chester Chronicle; Chronicle Xtra - Chester; Chronicle Xtra - South Cheshire; Crewe Chronicle; Crewe Guardian; Ellesmere Port Standard; Knutsford Guardian; Middlewich Guardian; Nantwich Chronicle; Northwich Guardian; The Chronicle (Sandbach & Middlewich Edition); Wilmslow Guardian; Winsford Guardian";"Reach PLC; Newsquest PLC"
Chesterfield;"Derbyshire Times; Matlock Mercury";National World
Chichester;"Chichester Observer; Midhurst & Petworth Observer";National World
City of Edinburgh;"Broughton Spurtle; Edinburgh Evening News; Edinburgh Reporter; Midlothian Advertiser; North Edinburgh Community News; The Ferret; The Lochside Press; The Scotsman";"Presumed independent; National World"
City of London;"City Matters; London World";"City Publishing Ltd; Presumed independent"
Clackmannanshire;"Alloa & Hillfoots Advertiser Journal; Stirling News";Newsquest PLC
Colchester;"Colchester Gazette; Essex County Standard";Newsquest PLC
Conwy;"Daily Post - Conwy; Flintshire Chronicle; North Wales Weekly News";Reach PLC
Copeland;Whitehaven News;Newsquest PLC
Cornwall;"Bude & Stratton Post; Camelford & Delabole Post; Cornish & Devon Post; Cornish Guardian (Bodmin & District); Cornish Guardian (Lostwithiel & Foney); Cornish Guardian (Newquay); Cornish Guardian (North Cornwall); Cornish Guardian (South East); Cornish Guardian (St Austell); Cornish Guardian (Wadebridge & Padstow); Cornish Stuff; Cornish Times; Cornwall Reports; Falmouth & Penryn Packet; Helston Packet; Holsworthy Post; Launceston & Bude Journal Gazette; St Ives Times & Echo; Sunday Independent; Sunday Independent (Cornwall); Sunday Independent (Devon); Sunday Independent (Plymouth); The Cornishman; West Briton (Falmouth & Penryn); West Briton (Helston & The Lizard); West Briton (Redruth, Camborne & Hayle); West Briton (Truro & Mid Cornwall); West Cornwall Packet; Heartlands Voice; Liskeard Voice; Saltash Voice";"Tindle Newspapers Ltd; Reach PLC; Presumed independent; Newsquest PLC; The St Ives Printing and Publishing Company Ltd; Peter Masters"
Cotswold;"Cotswold Journal; Gloucestershire Independent; Wilts & Gloucestershire Standard";Newsquest PLC
County Durham;"Durham Advertiser; Teesdale Mercury; Wear Valley Advertiser; Weardale Community News; Darlington Live";"Newsquest PLC; Teesdale Mercury Ltd; Independent; Presumed independent"
Coventry;Coventry Telegraph;Reach PLC
Craven;"Craven Herald & Pioneer; Ilkley Gazette; Wharfedale & Aireborough Observer";Newsquest PLC
Crawley;"Crawley Observer; Surrey Mirror (Horley & Gatwick); Weekend Herald";"National World; Reach PLC"
Croydon;Inside Croydon;Presumed independent
Darlington;"Chester-le-Street Advertiser; Consett & Stanley Advertiser; Darlington & Stockton Times; Darlington, Aycliffe & Sedgefield Advertiser; Durham Times; North Yorkshire Advertiser; Northern Echo; Teeside Northern Echo; Darlington Live";"Newsquest PLC; Presumed independent"
Derby;"Derby News; Derby Telegraph; Hold the Front Page";"Presumed independent; Reach PLC"
Derbyshire Dales;Ashbourne News Telegraph;Reach PLC
Derry City and Strabane;"Ballymoney and Moyle Times; Coleraine Chronicle; Coleraine Times; Derry Journal; Londonderry Sentinel; Roe Valley Sentinel; Strabane Chronicle; Strabane Weekly News; The Leader - Coleraine; MyTyrone";"National World; Alpha Newspaper Group; North-West News Group; Presumed independent"
Doncaster;"Dearne Valley Weekender; Doncaster Free Press; Epworth Times (replacing JPI closure of Epworth Bells); Thorne Times";"Regional Media Ltd; National World; Independent; Presumed independent"
Dorset;"Bournemouth Daily Echo; Bridport News; Chard Weekender; Crewkerne Weekender; Dorset Echo; Ilminster Weekender; Lyme Online; LymeOnline Extra; Pulman's View from Axminster; Pulman's View from Colyton; Pulman's View from Honiton; Pulman's View from Ottery St Mary; Pulman's View from Seaton & Beer; Stour & Avon Magazine; Swanage & Wareham Advertiser; Weymouth & Dorchester Advertiser; Dorchester Nub News; MySuttonColdfield; Royal Sutton Coldfield Observer; The Blackmore Vale; The West Dorset Magazine";"Newsquest PLC; Tindle Newspapers Ltd; Presumed independent; Independent; Captial Media/Tindle; Reach PLC"
Dover;"Dover Mercury; East Kent Mercury";Iliffe Media
Dudley;"Bromsgrove Advertiser; Chronicle Week (Dudley); Droitwich Advertiser; Dudley News; Halesowen News; Redditch Advertiser; Stourbridge News; The Shuttle (Kidderminster)";"Newsquest PLC; Midland News Association"
Dumfries and Galloway;"Annandale Herald & Moffat News; Annandale Observer; Dumfries & Galloway Standard; Dumfries Courier; Eskdale & Liddesdale Advertiser; Galloway Gazette & Stranraer News; Galloway News; Stranraer & Wigtownshire Free Press";"DNG Online Limited; Reach PLC; Independent; National World; Stair Estates"
Dundee City;"Courier & Advertiser (Dundee); Dundee Evening Telegraph";DC Thomson & Company Limited
Ealing;Ealing Today;Presumed independent
East Ayrshire;Cumnock Chronicle & Muirkirk Advertiser;Newsquest PLC
East Cambridgeshire;Dunmow Broadcast;Newsquest PLC
East Devon;"East Anglian Daily Times (East); East Anglian Daily Times (Essex); East Anglian Daily Times (West); East Devon News; Eastern Daily Press; Eastern Daily Press (Fenland); Sidmouth Nub News";"Newsquest PLC; Presumed independent"
East Dunbartonshire;"Bishopbriggs Herald; Kirkintilloch Herald; Milngavie & Bearsden Herald; Springburn Herald";National World
East Hampshire;"Alton Gazette; Bordon Messenger; Bordon Post; Clanfield Post; Godalming Messenger; Haslemere Messenger; Horndean Post; Petersfield Herald; Petersfield Messenger; Petersfield Post; Surrey & Hants News";Tindle Newspapers Ltd
East Hertfordshire;"Bishop's Stortford Independent; Harlow Guardian (replacing Reach closure of Harlow Star); Hertfordshire Mercury (Buntingford & Royston); Hertfordshire Mercury (Cheshunt & Waltham); Hertfordshire Mercury (Hoddesdon & Broxbourne); Hertfordshire Mercury (Main Edition); Midweek Mercury (Hitchin)";"Iliffe Media; Newsquest PLC; Reach PLC"
East Lindsey;"East Lindsey Target; Horncastle News; Louth Leader; Mablethorpe & Sutton Leader";"Reach PLC; National World"
East Lothian;East Lothian Courier;Newsquest PLC
East Riding of Yorkshire;"Goole Times; Holderness Gazette; Pocklington Post; The Bridlington Echo";"Chronicle Publications Limited; Holderness Newspaper Limited; National World; Presumed independent"
East Staffordshire;"Burton Mail; Uttoxeter Advertiser";Reach PLC
East Suffolk;"Waveney & District Advertiser; Wood & Vale";Newsquest PLC
Eastbourne;"Eastbourne Gazette (Eastbourne); Eastbourne Gazette (Seaford); Eastbourne Herald";National World
Eastleigh;Bitternepark.info;Presumed independent
Eden;"Cumberland & Westmorland Herald; Cumbria Crack";"Barrnon Media; Presumed independent"
Enfield;"Enfield Dispatch; Winchmore Hill Advertiser & Herald; Bubblewrap";"Presumed independent; Tindle Newspapers Ltd"
Epping Forest;Waltham Forest Independent;Newsquest PLC
Erewash;Eastwood Advertiser;National World
Exeter;"Exeter Observer; Express and Echo";"Presumed independent; Reach PLC"
Falkirk;"Bo'ness Journal; Falkirk Herald; Linlithgow Journal & Gazette; Queensferry Gazette";National World
Fenland;"Ely Standard (Ely); Ely Standard (Soham)";Newsquest PLC
Fermanagh and Omagh;"Fermanagh Herald; The Impartial Reporter; Tyrone Constitution; Ulster Herald; MyTyrone";"North-West News Group; Newsquest PLC; Alpha Newspaper Group; Presumed independent"
Fife;"Allanwater Herald; Central Fife Times & Advertiser; Dunfermline Press & West of Fife Advertiser; East Fife Mail; Fife & Kinross Extra; Fife Free Press; Fife Herald; Glenrothes Gazette; St Andrews Citizen; Strathallan Times";"Newsquest PLC; National World"
Flintshire;"Chester & District Standard; Corwen, Bala & Llangollen Free Press; Deeside.com; Denbighshire Free Press; Flintshire Standard; North Wales Chronicle; North Wales Pioneer; Rhyl Prestatyn Abergele Journal; The Leader (Flintshire); Whitchurch Herald; Wrexham Leader";"Newsquest PLC; Presumed independent"
Folkestone and Hythe;"Ashford Herald; Dover Express; Folkestone Herald (Folkestone); Folkestone Herald (Hythe); Folkestone Herald (Romney Marsh); Maidstone & Medway News";Reach PLC
Forest of Dean;"Gloucester Review; The Forester";Tindle Newspapers Ltd
Fylde;"Fleetwood Weekly News; Gazette - Blackpool; Lytham St Annes Express";National World
Gedling;Gedling Eye;Presumed independent
Glasgow City;"Aberdeen Now; Edinburgh Now; Evening Times (Glasgow); Glasgow West End Today; Greater Govanhill CIC; Lennox Herald; Paisley Daily Express; The Herald (Glasgow); Glasgow World";"Reach PLC; Newsquest PLC; Presumed independent"
Gloucester;The Gloucester Citizen;Reach PLC
Gravesham;"Dartford Messenger; Gravesend & Dartford Messenger Extra; Gravesend Messenger";Iliffe Media
Great Yarmouth;"Exmouth Herald; Exmouth Journal (Budleigh); Exmouth Journal (Exmouth)";Newsquest PLC
Greenwich;"853 London; Charlton Champion";Presumed independent
Guildford;"Aldershot News & Mail (Aldershot); Aldershot News & Mail (Camberley); Aldershot News & Mail (Farnborough); Aldershot News & Mail (Farnham); Aldershot News & Mail (Fleet); Aldershot News & Mail (Sandhurst & Crowthorne); Aldershot News & Mail (Yateley); Brentford, Isleworth & Chiswick Chronicle; Ealing Gazette (Ealing & Acton); Ealing Gazette (Greenford & Northolt); Ealing Gazette (Southall); Feltham Chronicle; Guildford Dragon News; Harefield Gazette; Hayes & Harlington Gazette; Hounslow Chronicle; Ruislip & Eastcote Gazette; Staines Informer; Surrey & Hants Star Courier; Surrey Advertiser (Chertsey & Addlestone); Surrey Advertiser (Cranleigh); Surrey Advertiser (Dorking & Leatherhead); Surrey Advertiser (Elmbridge); Surrey Advertiser (Godalming); Surrey Advertiser (Guildford); Surrey Advertiser (Woking); Uxbridge Gazette; Walton & Weybridge Informer";"Reach PLC; Presumed independent"
Gwynedd;"Bangor Mail; Brecon & Radnor Express; Caernarfon Herald; Holyhead & Anglesey Mail; North.Wales; Y Cymro";"Reach PLC; Tindle Newspapers Ltd; Presumed independent; Cyfryngau Cymru Cyf"
Hackney;Hackney Citizen;Presumed independent
Halton;Runcorn & Widnes Weekly News;Reach PLC
Hambleton;"Easingwold Advertiser; Hambleton Today; Thirsk Weekly News";"GH Smith & Son Ltd; Presumed independent"
Harborough;Harborough Mail;National World
Haringey;Tottenham Community Press;Presumed independent
Harlow;"Harlow Guardian (replacing Reach closure of Harlow Star); Your Harlow; Your Thurrock";"Newsquest PLC; Presumed independent"
Harrogate;"Harrogate Advertiser; Knaresborough Post; North Yorkshire News; Ripon Gazette; The Herald (Harrogate); Wetherby News";National World
Harrow;Harrow Online;Presumed independent
Hartlepool;"Hartlepool Life; Hartlepool Mail";"Independent; National World"
Hastings;"Battle Observer; Bexhill Observer; Hastings Independent Press; Hastings Observer; Rye Observer";"National World; Presumed independent"
Havant;The Ems;Presumed independent
Herefordshire, County of;"Hereford Times; Ludlow Advertiser; Ross Gazette";"Newsquest PLC; Tindle Newspapers Ltd"
High Peak;Buxton Advertiser;National World
Highland;"Caithness Courier; Highland News; Inverness Courier; John O'Groats Journal; North Star; Northern Times; Ross-shire Journal; Strathspey & Badenoch Herald; West Highland Free Press; Nairnshire Courier";"Iliffe Media; West Highland Publishing Company Limited; Presumed independent"
Hillingdon;"Amersham Examiner; Pinner Observer; Wembley Observer; Hillingdon Herald";"Reach PLC; Presumed independent"
Hinckley and Bosworth;Hinckley Times;Reach PLC
Horsham;West Sussex Gazette;National World
Hounslow;"Brentford TW8; Nub News, Twickenham";Presumed independent
Huntingdonshire;"Fakenham & Wells Times; Gravesend Reporter; BedfordshireLive";"Newsquest PLC; Presumed independent"
Inverclyde;Greenock Telegraph;Newsquest PLC
Ipswich;"Great Yarmouth Advertiser; Great Yarmouth Mercury; Hackney Gazette; Ham & High Express; Harleston Mercury";Newsquest PLC
Isle of Wight;"Island Echo; Isle of Wight County Press";"Presumed independent; Newsquest PLC"
Islington;EC1 Echo;Independent
King's Lynn and West Norfolk;"Fenland Citizen; Lynn News; Your Local Paper";"Iliffe Media; Your Local Paper Ltd"
Kingston upon Hull, City of;"East Riding Mail; Hull Daily Mail";Reach PLC
Kingston upon Thames;"Surrey Comet (Kingston); Nub News, Kingston upon Thames";"Newsquest PLC; Presumed independent"
Kirklees;"Huddersfield Daily Examiner; The Press - Dewsbury; Asian Standard Kirklees";"Reach PLC; The Press News Limited; Presumed independent"
Lambeth;"Abbey Wood & Thamesmead Mercury; Bexley Mercury; Brixton Blog/Bugle; Catford Mercury (South London Press); Lewisham Mercury; Plumstead Mercury; South London Press (Brixton); South London Press (Deptford & New Cross); South London Press (Dulwich); South London Press (Forest Hill & Sydenham); South London Press (Streatham); South London Press (Wandsworth); South London Press (Wimbledon); Woolwich Mercury";"Tindle Newspapers Ltd; Presumed independent; Street Runners Ltd"
Lancaster;"Bentham Guardian; Lancaster Guardian; Morecambe Guardian; The Visitor (Morecambe)";National World
Leeds;"Batley & Birstall News; Dewsbury & Mirfield Reporter; South Leeds Life; Spenborough Guardian; The Yorkshire Post; Weekly News (Leeds); West Leeds Dispatch; Yorkshire Evening Post; Asian Standard Kirklees; Asian Standard Leeds";"National World; Presumed independent"
Leicester;"Leicester Mercury; Mercury Extra; Leicester Times";"Reach PLC; Presumed independent"
Lewes;"Sussex Express (Hailsham); Sussex Express (Heathfield, Uckfield & Crowborough); Sussex Express (Lewes); Sussex Express (Newhaven & Peacehaven)";National World
Lewisham;"Lewisham Ledger; The Camberwell Clarion";Presumed independent
Lichfield;Lichfield Live;Presumed independent
Lincoln;"Lincolnshire Echo; The Lincolnite";"Reach PLC; Presumed independent"
Lisburn and Castlereagh;"Banbridge Leader; Dromore Leader; Lisburn Echo; Ulster Star";National World
Liverpool;"Anfield & Walton Star; Crosby & Bootle Star; Kirkby Star; Liverpool Echo; Liverpool Sunday Echo; Maghall & Aintree Star; Ormskirk Advertiser; Southport Visiter; Liverpool World; MyWirral; The Post (Liverpool)";"Reach PLC; Presumed independent"
Luton;"Herald & Post (Dunstable); Herald & Post (Luton); Leighton Buzzard Observer; Luton News";National World
Maidstone;"KM Extra (Maidstone); Kent Messenger (Maidstone); Kent Messenger (Malling); Kent Messenger (Weald); Medway Messenger; Sittingbourne Messenger";Iliffe Media
Manchester;"The Meteor; Wythenshawe Reporter; You Local Voice; Manchester World";Presumed independent
Mansfield;"Alfreton Chad; Ashfield Chad; Hucknall Dispatch; Mansfield Chad; News Journal";"National World; Presumed independent"
Medway;KM Extra (Medway);Iliffe Media
Melton;Melton Times;National World
Mendip;"Central Somerset Gazette; Cheddar Valley Gazette; Frome Times; Shepton Mallet Journal; Wells Journal";"Reach PLC; Presumed independent"
Merthyr Tydfil;Merthyr Express;Reach PLC
Mid Devon;"Crediton Courier; Tiverton Gazette";"Tindle Newspapers Ltd; Reach PLC"
Mid Suffolk;Herts Advertiser (Harpenden);Newsquest PLC
Mid Sussex;"Mid Sussex Times; Mid Sussex Weekend Herald";National World
Mid Ulster;"Dungannon Herald; Mid-Ulster Mail; Mid-Ulster Mail (South Derry); Tyrone Courier; MyTyrone";"North-West News Group; National World; Alpha Newspaper Group; Presumed independent"
Middlesbrough;"East Cleveland Herald & Post; Evening Gazette (Teesside); Middlesbrough Herald & Post; Stockton & Billingham Herald & Post";Reach PLC
Midlothian;Midlothian View;Presumed independent
Milton Keynes;Milton Keynes Citizen;National World
Mole Valley;Leatherhead Advertiser;Reach PLC
Monmouthshire;"Abergavenny Chronicle; Chepstow Beacon; Monmouthshire Beacon";Tindle Newspapers Ltd
Moray;"Banffshire Advertiser; Banffshire Herald; Forres Gazette; Northern Scot";Iliffe Media
Na h-Eileanan Siar;Stornoway Gazette & West Coast Advertiser;National World
New Forest;"Lymington Times; New Forest Post; New Milton Advertiser";"Iliffe Media; Newsquest PLC"
Newark and Sherwood;"Bingham Advertiser; Newark Advertiser; The Trader";Iliffe Media
Newcastle upon Tyne;"Newcastle Journal; Newcastle upon Tyne Sunday Sun; The Chronicle - Newcastle; Asian Standard North-East; Newcastle World; The Chronicle South Tyneside and Durham";"Reach PLC; Presumed independent"
Newham;Newham Voices;Independent
Newport;"Barry & District News; Free Press of Monmouth; Penarth Times; South Wales Argus; Weekly Argus (South Wales)";Newsquest PLC
Newry, Mourne and Down;"Down News; Down Recorder; Newry Democrat; Newry Reporter; Newry.ie; The Mourne Observer";"Presumed independent; W Y Crichton & Co Ltd; Alpha Newspaper Group; Edward Hodgett Ltd; D E Alexander & Sons Ltd"
North Ayrshire;"Ardrossan Herald; Arran Banner; Ayr Advertiser; Carrick Herald; Irvine Herald; Irvine Times; Largs & Millport Weekly News; Troon Times";"Newsquest PLC; Wyvex Media Ltd; Reach PLC"
North Devon;"Herts Advertiser (St Albans); North Devon Journal (Barnstaple); North Devon Journal (Bideford); North Devon Journal (Holsworthy); North Devon Journal (Ilfracombe); South Molton News";"Newsquest PLC; Reach PLC; Presumed independent"
North East Lincolnshire;Grimsby Telegraph;Reach PLC
North Kesteven;Sleaford Standard;National World
North Lanarkshire;"Airdrie & Coatbridge Advertiser; Bellshill Speaker; Cumbernauld News; Kilsyth Chronicle; Motherwell Times";"Reach PLC; National World"
North Lincolnshire;"Epworth Times (replacing JPI closure of Epworth Bells); Scunthorpe Telegraph";"Independent; Reach PLC"
North Norfolk;"Hitchin Comet; Ilford Recorder";Newsquest PLC
North Northamptonshire;"Northampton Chronicle; Northamptonshire Telegraph";National World
North Somerset;"Ipswich Star; Ipswich Star (Felixstowe); Weston-Super-Mare Live";"Newsquest PLC; Presumed independent"
Northumberland;"Berwick Advertiser; Berwickshire News East Lothian Herald; Hexham Courant; Morpeth Herald; News Guardian - Whitley Bay; Northumberland Gazette; Northumberland News Post Leader; The Ambler; The Journal Northumberland";"National World; Newsquest PLC; Presumed independent"
Norwich;"Islington Gazette; Letchworth & Baldock Comet; Lowestoft Journal; Newham Recorder";Newsquest PLC
Nottingham;"Nottingham Post; Nottingham Post Lite";Reach PLC
Oldham;"Accrington Observer; Heywood Advertiser; Manchester Evening News; Manchester Weekly News; Middleton & North Manchester Guardian; Oldham Evening Chronicle; Oldham Reporter; Oldham Times; Rochdale Observer; Rossendale Free Press; Saddleworth Independent; Sale & Altrincham Advertiser; South Manchester Report; Stockport Express; Stretford & Urmston Advertiser";"Reach PLC; Credible Media; Presumed independent; Quest Media Network Ltd; Newsquest PLC"
Orkney Islands;The Orcadian;Orkney Media Group
Oxford;"Abingdon Herald; Banbury Cake; Bicester Advertiser; Didcot Herald; Oxford Mail; Oxford Times; Oxfordshire Star; Wallingford Herald; Wantage & Grove Herald; Witney Gazette; Oxfordshire Live";"Newsquest PLC; Presumed independent"
Pembrokeshire;"County Echo; Milford & West Wales Mercury; Narbeth & Whitland Observer; Pembroke & Pembroke Dock Observer; Pembrokeshire Herald; Tenby Observer; Western Telegraph";"Tindle Newspapers Ltd; Newsquest PLC; Herald News International"
Pendle;Pendle Express;National World
Perth and Kinross;"Blairgowrie Advertiser; Perthshire Advertiser; Strathearn Herald";Reach PLC
Peterborough;"Peterborough Telegraph; PeterboroughLive";"National World; Presumed independent"
Plymouth;"The Herald (Plymouth); Western Morning News; Western Morning News (Cornwall); Western Morning News on Sunday; Devon Live";"Reach PLC; Presumed independent"
Portsmouth;Star & Crescent;Presumed independent
Powys;"County Times (Powys); Mid Wales Journal; My Newtown; My Welshpool";"Newsquest PLC; Midland News Association; Presumed independent"
Preston;"Chorley Guardian; Garstang Courier; Lancashire Evening Post; Leyland Guardian; Longridge News & Ribble Valley Advertiser";National World
Reading;"Ascot News; Bracknell & Wokingham Midweek; Bracknell News; Getreading; Midweek Observer; Reading Chronicle; Reading Midweek; Reading Today; Slough & South Bucks Observer; The Royal Borough Observer; The Wokingham Paper; Wokingham, Crowthorne & Sandhurst News; Woodley & Earley Chronicle";"Newsquest PLC; Reach PLC; Presumed independent; The Wokingham Paper Ltd"
Redbridge;"North Devon Gazette; North Norfolk News; North Somerset Times; Norwich Evening News; Norwich Extra; Ottery Herald; Potters Bar Times; Romford & Havering Post; Romford Recorder; Royston Crow; Saffron Walden Reporter; Sidmouth Herald";Newsquest PLC
Redditch;"Droitwich Standard; Evesham Observer; Malvern Observer; Pershore Observer; Redditch Standard; Worcester Observer";Bullivant Media Ltd
Reigate and Banstead;"Croydon Advertiser; Dorking Advertiser; East Grinstead Courier; Surrey Mirror (Main Edition)";Reach PLC
Ribble Valley;Clitheroe Advertiser & Times;National World
Richmond upon Thames;"Richmond & Twickenham Times; Surrey Comet; Surrey Comet (Elmbridge); Nub News, Kingston upon Thames; Nub News, Twickenham";"Newsquest PLC; Presumed independent"
Richmondshire;"Hambleton Today; Richmonshire Today";Presumed independent
Rochdale;Rochdale Online;Presumed independent
Rother;The Bexhill News;Presumed independent
Rotherham;"Rotherham Advertiser; Rotherham Record";Regional Media Ltd
Rugby;Rugby Advertiser;National World
Rushcliffe;West Bridgford Wire;Presumed independent
Ryedale;Hambleton Today;Presumed independent
Salford;"Salford City News;";Newsquest PLC
Sandwell;"Chronicle Week (Sandwell); Express and Star (Sandwell)";Midland News Association
Scarborough;"Bridlington Free Press; Filey & Hunmanby Mercury; Scarborough News; Whitby Gazette";National World
Scottish Borders;"Border Telegraph; Peeblesshire News; Southern Reporter; The Hawick Paper";"Newsquest PLC; National World; Independent"
Sedgemoor;"Bridgwater Mercury; Burnham & Highbridge Weekly News";Newsquest PLC
Sefton;"Aintree & Maghull Champion; Anfield & Walton Champion; Bootle Champion; Crosby & Litherland Champion; Formby Champion; Ormskirk & West Lancashire Champion; Skelmersdale Advertiser; Skelmersdale Champion; Southport Champion";"Waypride Ltd; Reach PLC"
Selby;Selby Times & Post;Chronicle Publications Limited
Sevenoaks;"Biggin Hill News; Orpington News; Sevenoaks Chronicle";"Tindle Newspapers Ltd; Reach PLC"
Sheffield;"Sheffield Star; Sheffield Telegraph; Sheffield Tribune";"National World; Presumed independent"
Shetland Islands;"Shetland News; Shetland Times";"Presumed independent; The Shetland Times Limited"
Shropshire;"Bridgnorth Journal; Market Drayton Advertiser; North Shropshire Chronicle; Oswestry & Border Counties Advertizer; Shrewsbury Chronicle; South Shropshire Journal";"Midland News Association; Newsquest PLC"
Somerset West and Taunton;"Somerset County Gazette; Wellington Weekly News; West Somerset Free Press";"Newsquest PLC; Tindle Newspapers Ltd"
South Ayrshire;"Ayrshire Post; Carrick Gazette & Girvan News; Carrick Post; Kilmarnock Standard";"Reach PLC; National World"
South Cambridgeshire;"Cambridge News; Cambridge News & Crier; HI HUB";"Reach PLC; Presumed independent"
South Gloucestershire;"Filton Journal; Patchway Journal; South Glos Post; Stoke Gifford Journal";Presumed independent
South Hams;"Dartmouth Chronicle; Ivybridge & South Brent Gazette; Kingsbridge & Salcombe Gazette; Totnes Times";Tindle Newspapers Ltd
South Holland;"Lincolnshire Free Press; Spalding Guardian";Iliffe Media
South Kesteven;"Bourne Local; Grantham Journal; Rutland & Stamford Mercury; Rutland Times";Iliffe Media
South Lakeland;"South Lakes Citizen; Westmorland Gazette";Newsquest PLC
South Lanarkshire;"Carluke Gazette; East Kilbride News; Hamilton Advertiser; Lanark Gazette; Rutherglen Reformer; Wishaw Press";"National World; Reach PLC"
South Norfolk;"Diss Express; Stevenage Comet; Stowmarket Mercury; Sudbury Mercury; The Docklands & East London Advertiser; Norfolk Live";"Iliffe Media; Newsquest PLC; Presumed independent"
South Oxfordshire;Henley Standard;Higgs Group
South Somerset;"Chard & Ilminster News; Western Gazette (Crewkerne); Western Gazette (Sherborne); Western Gazette (Somerton & Langport); Western Gazette (Wincanton, Castle Cary & Bruton); Western Gazette (Yeovil)";"Newsquest PLC; Reach PLC"
South Tyneside;Shields Gazette;National World
Southampton;"Bitternepark.info; Southampton News Extra; Southern Daily Echo";"Presumed independent; Newsquest PLC"
Southend-on-Sea;"Brentwood Yellow Advertiser; Castle Point, Rayleigh & Rochford Standard; Southend Standard";"Tindle Newspapers Ltd; Newsquest PLC"
Southwark;"Dulwich Diverter; London Se1; Southwark News; The Peckham Peculiar; The Camberwell Clarion";"Presumed independent; Southwark News Ltd"
St Albans;"The Hunts Post (Huntingdon); The Hunts Post (St Neots)";Newsquest PLC
St. Helens;St Helens Star;Newsquest PLC
Stafford;"A Little Bit of Stone; Staffordshire Newsletter";"Presumed independent; Reach PLC"
Staffordshire Moorlands;Leek Post and Times;Reach PLC
Stevenage;"Thetford & Brandon Times; Tottenham & Wood Green Journal; Wanstead & Woodford Recorder; Watton & Swaffham Times";Newsquest PLC
Stirling;Stirling Observer;Reach PLC
Stockport;"Heatons Post; Wythenshawe Reporter";"Independent; Presumed independent"
Stoke-on-Trent;"Blythe & Forsbrook Times; Cheadle & Tean Times; Sentinel Advertiser; The Sentinel - Stoke; Uttoxeter Echo";"Cheadle and Tean Times Ltd; Reach PLC"
Stratford-on-Avon;"Midweek Herald; Stratford Herald";Iliffe Media
Stroud;"Forest of Dean & Wye Valley Review; Gloucestershire County Gazette; Stroud News & Journal; Stroud Times; Wotton Times";"Tindle Newspapers Ltd; Newsquest PLC; Presumed independent"
Sunderland;"Peterlee Star; Seaham & Houghton Star; Sunderland Echo; Washington Star";National World
Sutton;"Epsom Comet; Mitcham & Morden Guardian; Sutton Guardian; Wandsworth Guardian; Wimbledon Guardian";Newsquest PLC
Swale;"Sheerness Times Guardian; Sittingbourne News Extra";Iliffe Media
Swansea;"South Wales Evening Post; Nub News, The Mumbles";"Reach PLC; Presumed independent"
Swindon;"Swindon Advertiser; Swindon Star; Wiltshire Live";"Newsquest PLC; Presumed independent"
Tameside;Tameside Reporter;Quest Media Network Ltd
Tamworth;"Cannock Mercury; Tamworth Herald";Reach PLC
Tandridge;"Surrey Mirror (Caterham); Surrey Mirror (Tandridge)";Reach PLC
Teignbridge;"Dawlish Gazette; Dawlish Post; Mid-Devon Advertiser (Ashburton & Buckfastleigh); Mid-Devon Advertiser (Bovey Tracey & Chudleigh); Mid-Devon Advertiser (Kingsteignton); Mid-Devon Advertiser (Newton Abbot); Teignmouth News; Teignmouth Post; Torbay Weekly; Dawlish Nub News";"Tindle Newspapers Ltd; Newsquest PLC; Presumed independent"
Telford and Wrekin;"Shropshire Star; Telford Journal; Telford Live";"Midland News Association; Presumed independent"
Tendring;"Clacton Gazette; Frinton & Walton Gazette; Harwich Standard; Manningtree Standard";Newsquest PLC
Test Valley;"Andover Advertiser; Romsey Advertiser";Newsquest PLC
Thanet;"Isle of Thanet Gazette; Isle of Thanet News; KM Extra (Thanet)";"Reach PLC; Presumed independent; Iliffe Media"
Thurrock;"Brentwood Weekly News; Chelmsford Weekly News; Thurrock Gazette";Newsquest PLC
Tonbridge and Malling;The Times of Tonbridge;One Media and Creative UK Ltd
Torbay;"Herald Express (Bay & County); Herald Express (Brixham & South Hams); Herald Express (Newton & Teign); Torbay Weekly";"Reach PLC; Newsquest PLC"
Tower Hamlets;"Roman Road LDN; Buckkinghamshire Live";Presumed independent
Trafford;"Altrincham Today; Radcliffe Times; Sale & Altrincham Messenger; Stretford & Urmston Messenger";"Presumed independent; Newsquest PLC"
Tunbridge Wells;"Kent & Sussex Courier (Edenbridge); Kent & Sussex Courier (Paddock Wood); Kent & Sussex Courier (Sussex); Kent & Sussex Courier (Tonbridge); Kent & Sussex Courier (Tunbridge Wells); The Times of Tunbridge Wells";"Reach PLC; One Media and Creative UK Ltd"
Uttlesford;"Welwyn Hatfield Times; Weston, Worle & Somerset Mercury";Newsquest PLC
Vale of White Horse;Oxfordshire Live;Presumed independent
Wakefield;"Pontefract & Castleford Express; Wakefield Express";National World
Waltham Forest;"Barnet Post; East London and West Essex Guardian; Waltham Forest Echo";"Presumed independent; Newsquest PLC"
Warrington;"Runcorn & Widnes World; Warrington Guardian; Warrington Midweek; Warrington Post; Warrington Live";"Newsquest PLC; Presumed independent"
Warwick;"Arden Observer; Bromsgrove Observer; Coventry Observer; Leamington Observer; Leamington Spa Courier; Lutterworth Observer; Rugby Observer; Shirley Observer; Solihull Observer; Stratford Observer";"Bullivant Media Ltd; National World"
Watford;"Borehamwood & Elstree Times; Ealing Times; Edgware & Mill Hill Times; Enfield Independent; Epping Forest Guardian; Epping Forest Independent; Haringey Independent; Harrow Times; Hendon & Finchley Times; Hillingdon & Uxbridge Times; St Albans & Harpenden Review; The Watford Free; Tottenham & Wood Green Independent; Watford Observer";Newsquest PLC
Waverley;"Alton Herald; Bordon Herald; Farnham Herald; Haslemere Herald; Liphook Herald";Tindle Newspapers Ltd
Wealden;"Crowborough Life; Uckfield News; The Bexhill News";Presumed independent
Welwyn Hatfield;"Woodford Recorder; Wymondham Mercury";Newsquest PLC
West Berkshire;"Newbury & Thatcham Advertiser; Newbury Weekly News; Wiltshire Live";"Iliffe Media; Presumed independent"
West Devon;"East Cornwall Times; Okehampton Times; Princetown Times Gazette; Tavistock Times Gazette";Tindle Newspapers Ltd
West Dunbartonshire;"Barrhead News; Clydebank Post; Dumbarton Vale of Leven Reporter; Helensburgh Advertiser; Paisley & Renfrewshire Gazette; Paisley People";Newsquest PLC
West Lindsey;"Gainsborough Standard; Market Rasen Mail";National World
West Lothian;West Lothian Courier;Reach PLC
West Northamptonshire;"Daventry Express; NN Journal";"National World; Presumed independent"
West Suffolk;"Bury Free Press; Bury Free Press (Mildenhall); Bury Free Press (Stowmarket); Bury Free Press (Thetford); Haverhill Echo; Newmarket Journal; Suffolk Live";"Iliffe Media; Presumed independent"
Wigan;"Leigh Journal; Leigh Reporter; Prescot & Knowsley Reporter; Wigan Courier; Wigan Evening Post; Wigan Observer; Wigan Reporter; Manchester Evening News Wigan";"Newsquest PLC; National World; Standish Media Services Ltd; Presumed independent"
Wiltshire;"Melksham Independent News; Salisbury Advertiser; Salisbury Journal; White Horse News; Wiltshire Gazette & Herald (Chippenham); Wiltshire Gazette & Herald (Devizes); Wiltshire Gazette & Herald (Marlborough); Wiltshire Star; Wiltshire Times; Wiltshire Live";"Presumed independent; Newsquest PLC"
Winchester;"Eastleigh News; Eastleigh Times; Hampshire Chronicle; Hampshire Independent; Mid Hampshire Observer; Winchester News Extra";"Presumed independent; Newsquest PLC; Hampshire Media Ltd"
Windsor and Maidenhead;"Maidenhead Advertiser; Slough & South Bucks Express; Twyford Advertiser; Windsor Advertiser; Windsor, Ascot & Eton Express";Baylis Media Ltd
Wirral;Wirral Globe;Newsquest PLC
Woking;Woking News and Mail;Woking News and Mail Ltd
Wokingham;Wokingham.Today;Presumed independent
Wolverhampton;"Chronicle Week (Cannock); Chronicle Week (Walsall); Chronicle Week (Wolverhampton); Express and Star (Dudley); Express and Star (Walsall); Express and Star (Wolverhampton)";Midland News Association
Worcester;"Berrow's Worcester Journal; Evesham Journal; Ledbury Reporter; Malvern Gazette; Worcester News";Newsquest PLC
Worthing;"Littlehampton Gazette; Steyning Herald; Worthing Herald";National World
Wrexham;Wrexham.com;Presumed independent
York;"Gazette & Herald - Yorkshire; The Press (York); York Mix";"Newsquest PLC; Presumed independent"
