Publication,redirect_url,twitter,types,twitter_handle
853 London,https://853.london/,https://twitter.com/853london,1,853london
A Little Bit of Stone,https://alittlebitofstone.com/,//twitter.com/bitofstone,1,bitofstone
Aberdeen Citizen,https://www.pressandjournal.co.uk/,https://www.twitter.com/pressjournal,1,pressjournal
Aberdeen Evening Express,https://www.pressandjournal.co.uk/,https://www.twitter.com/pressjournal,1,pressjournal
Aberdeen Now,https://www.dailyrecord.co.uk/all-about/aberdeen,https://twitter.com/Daily_Record,1,Daily_Record
Abergavenny Chronicle,https://www.abergavennychronicle.com/,https://twitter.com/aberchronicle,1,aberchronicle
Accrington Observer,https://www.lancs.live/,https://twitter.com/LiveLancs,1,LiveLancs
Airdrie & Coatbridge Advertiser,https://www.dailyrecord.co.uk/authors/airdrie-and-coatbridge-advertiser/,https://twitter.com/Daily_Record,1,Daily_Record
Aldershot News & Mail (Aldershot),https://www.getsurrey.co.uk/news/hampshire-news/,https://twitter.com/SurreyLive,2,SurreyLive
Aldershot News & Mail (Camberley),https://www.getsurrey.co.uk/news/hampshire-news/,https://twitter.com/SurreyLive,2,SurreyLive
Aldershot News & Mail (Farnborough),https://www.getsurrey.co.uk/news/hampshire-news/,https://twitter.com/SurreyLive,2,SurreyLive
Aldershot News & Mail (Farnham),https://www.getsurrey.co.uk/news/hampshire-news/,https://twitter.com/SurreyLive,2,SurreyLive
Aldershot News & Mail (Fleet),https://www.getsurrey.co.uk/news/hampshire-news/,https://twitter.com/SurreyLive,2,SurreyLive
Aldershot News & Mail (Sandhurst & Crowthorne),https://www.getsurrey.co.uk/news/hampshire-news/,https://twitter.com/SurreyLive,2,SurreyLive
Aldershot News & Mail (Yateley),https://www.getsurrey.co.uk/news/hampshire-news/,https://twitter.com/SurreyLive,2,SurreyLive
Alloa & Hillfoots Advertiser Journal,https://www.alloaadvertiser.com/,https://twitter.com/alloatiser,1,alloatiser
Alsager Chronicle,http://www.chronicleseries.com/category/our-areas/alsager/,https://twitter.com/CongletonChron,1,CongletonChron
Altrincham Today,https://altrincham.todaynews.co.uk/,https://twitter.com/altrinchamtoday,1,altrinchamtoday
Amersham Examiner,https://www.buckinghamshirelive.com/,https://twitter.com/BucksLiveNews,1,BucksLiveNews
Andersonstown News,https://group.belfastmedia.com/,https://twitter.com/ATownNews,152,ATownNews
Anfield & Walton Star,https://www.liverpoolecho.co.uk/,https://twitter.com/LivEchonews,1,LivEchonews
Annandale Herald & Moffat News,https://www.dng24.co.uk/,https://twitter.com/dng_24,1,dng_24
Annandale Observer,https://www.dng24.co.uk/,https://twitter.com/dng_24,1,dng_24
Antrim Guardian,https://www.antrimguardian.co.uk/,https://twitter.com/antrimguardian?lang=en,1,antrimguardian
Arden Observer,https://solihullobserver.co.uk/,https://twitter.com/solihullobserve,1,solihullobserve
Ardrossan Herald,https://www.ardrossanherald.com/,https://twitter.com/ardrossanherald,1,ardrossanherald
Argyllshire Advertiser,https://www.argyllshireadvertiser.co.uk/,https://www.twitter.com/argyllshireadve,1,argyllshireadve
Armagh I,https://www.armaghi.com/,https://twitter.com/armaghi,1,armaghi
Arran Banner,https://www.arranbanner.co.uk/,https://www.twitter.com/arranbanner,1,arranbanner
Ashbourne News Telegraph,https://www.derbytelegraph.co.uk/all-about/ashbourne,https://twitter.com/derbyshire_live,1,derbyshire_live
Ashfield Chad,https://www.chad.co.uk/,https://twitter.com/chadnews,1,chadnews
Attleborough Mercury,https://www.dissmercury.co.uk/,https://twitter.com/derehamtimes,1,derehamtimes
Ayr Advertiser,https://www.ayradvertiser.com/,https://twitter.com/ayradvertiser,1,ayradvertiser
Ayrshire Post,https://www.dailyrecord.co.uk/all-about/ayr,https://twitter.com/Daily_Record,2,Daily_Record
Ballymena Guardian,https://www.ballymenaguardian.co.uk/,https://twitter.com/bmenaguardian?lang=en,1,bmenaguardian
Ballymoney Chronicle,https://www.ballymoneychronicle.co.uk/,https://twitter.com/bmoneychronicle?lang=en,1,bmoneychronicle
Ballymoney and Moyle Times,https://www.northernirelandworld.com/,https://twitter.com/nirelandworld,1,nirelandworld
Banbridge Chronicle,https://www.thebanbridgechronicle.com/,https://twitter.com/newryreporter,2,newryreporter
Banbridge Leader,https://www.northernirelandworld.com/,https://twitter.com/nirelandworld,1,nirelandworld
Banbury Cake,https://www.oxfordmail.co.uk/,https://twitter.com/theoxfordmail,4,theoxfordmail
Banbury Guardian,https://www.banburyguardian.co.uk/,https://twitter.com/banburynews,1,banburynews
Bangor Mail,https://www.dailypost.co.uk/all-about/bangor,https://twitter.com/northwaleslive,1,northwaleslive
Barking & Dagenham Post,https://www.barkinganddagenhampost.co.uk/,https://twitter.com/BDPost,1,BDPost
Barnet & Potters Bar Press,https://www.yellowad.co.uk/,https://twitter.com/basildonya,1,basildonya
Barnet & Whetstone Press,https://www.yellowad.co.uk/,https://twitter.com/basildonya,1,basildonya
Barnoldswick & Earby Times,https://www.burnleyexpress.net/,https://twitter.com/burnleyexpress,1,burnleyexpress
Barnsley Chronicle,https://www.barnsleychronicle.com/,https://twitter.com/ChronOnline,2,ChronOnline
Barrhead News,https://www.barrheadnews.com/,https://twitter.com/barrheadnews,1,barrheadnews
Basildon Standard,https://www.echo-news.co.uk/,https://www.twitter.com/Essex_Echo,1,Essex_Echo
Basingstoke Extra,https://www.basingstokegazette.co.uk/,https://twitter.com/BasGazette,1,BasGazette
Basingstoke Gazette,https://www.basingstokegazette.co.uk/,https://twitter.com/BasGazette,1,BasGazette
Bath Chronicle,https://www.somersetlive.co.uk/all-about/bath,https://twitter.com/somersetlive,2,somersetlive
Batley & Birstall News,https://www.dewsburyreporter.co.uk/,https://twitter.com/DewsReporter,1,DewsReporter
Battle Observer,https://www.sussexexpress.co.uk/your-sussex/east-sussex/rother,https://twitter.com/Sussex_World,1,Sussex_World
Beccles & Bungay Journal,https://www.becclesandbungayjournal.co.uk/,https://twitter.com/BBJournal24,1,BBJournal24
Bedford Borough Times & Citizen,https://www.bedfordtoday.co.uk/,https://twitter.com/BedfordTC,1,BedfordTC
Bedford Independent,https://www.bedfordindependent.co.uk/,https://twitter.com/BedfordIndy,1,BedfordIndy
Belfast News,https://www.newsletter.co.uk/,https://twitter.com/News_Letter,1,News_Letter
Belfast Telegraph,https://www.belfasttelegraph.co.uk/,https://twitter.com/beltel/,1,beltel
Bellshill Speaker,https://www.glasgowworld.com/,https://twitter.com/GlasgowWorldUK,1,GlasgowWorldUK
Bentham Guardian,https://www.lancasterguardian.co.uk/,https://twitter.com/guardiandigital,1,guardiandigital
Berrow's Worcester Journal,https://www.worcesternews.co.uk/bj/intro/,https://twitter.com/worcesternews,2,worcesternews
Berwick Advertiser,https://www.northumberlandgazette.co.uk/,https://twitter.com/alnwickgazette,1,alnwickgazette
Berwickshire News East Lothian Herald,https://www.thesouthernreporter.co.uk/topic/berwickshire,https://twitter.com/Sreporter,1,Sreporter
Bexhill Observer,https://www.sussexexpress.co.uk/your-sussex/east-sussex/bexhill-and-battle,https://twitter.com/Sussex_World,1,Sussex_World
Bexley News Shopper,https://www.newsshopper.co.uk/news/bexley/,https://www.twitter.com/newsshopper,1,newsshopper
Bexley Times,https://www.barkinganddagenhampost.co.uk/,https://twitter.com/BDPost,1,BDPost
Biddulph Chronicle,http://www.chronicleseries.com/category/our-areas/biddulph/,https://twitter.com/CongletonChron,1,CongletonChron
Biggleswade Chronicle,https://www.biggleswadetoday.co.uk/,https://twitter.com/BiggyChronicle,1,BiggyChronicle
Bingham Advertiser,https://www.newarkadvertiser.co.uk/,https://twitter.com/advertisergroup,1,advertisergroup
Birmingham Mail,https://www.birminghammail.co.uk/,https://twitter.com/birmingham_live,1,birmingham_live
Birmingham Post,https://www.business-live.co.uk/,https://twitter.com/businesslive,1,businesslive
Bishopbriggs Herald,https://www.glasgowworld.com/,https://twitter.com/GlasgowWorldUK,1,GlasgowWorldUK
Bitternepark.info,https://bitternepark.info/,https://twitter.com/bitternepark,1,bitternepark
Blairgowrie Advertiser,https://www.dailyrecord.co.uk/all-about/perthshire,https://twitter.com/Daily_Record,2,Daily_Record
Blythe & Forsbrook Times,https://www.timesechoandlife.co.uk/,http://twitter.com/timesandecho,1,timesandecho
Bo'ness Journal,https://www.falkirkherald.co.uk/,https://twitter.com/falkirk_herald,1,falkirk_herald
Bognor Regis Observer,https://www.sussexexpress.co.uk/your-sussex/west-sussex/bognor-regis,https://twitter.com/Sussex_World,1,Sussex_World
Bolton Journal,https://www.theboltonnews.co.uk/,https://twitter.com/TheBoltonNews,1,TheBoltonNews
Bolton News,https://www.theboltonnews.co.uk/,https://twitter.com/TheBoltonNews,1,TheBoltonNews
Border Telegraph,https://www.bordertelegraph.com/,https://twitter.com/bordertelegraph,1,bordertelegraph
Bordon Post,https://www.petersfieldpost.co.uk/,https://twitter.com/postpfield,1,postpfield
Borehamwood & Elstree Times,https://www.borehamwoodtimes.co.uk/,https://twitter.com/Bwood_Times,1,Bwood_Times
Boston Standard,https://www.lincolnshireworld.com/,https://twitter.com/LincsWorld,1,LincsWorld
Boston Target,https://www.lincolnshirelive.co.uk/,https://twitter.com/LincsLive,1,LincsLive
Bourne Local,https://www.bournelocal.co.uk/,https://twitter.com/thebournelocal,1,thebournelocal
Bournemouth Daily Echo,https://www.bournemouthecho.co.uk/news/districts/purbeck/,https://twitter.com/Bournemouthecho,2,Bournemouthecho
Bracknell & Wokingham Midweek,https://www.bracknellnews.co.uk/news/wokingham/,https://twitter.com/bracknellnews,1,bracknellnews
Bracknell News,https://www.bracknellnews.co.uk/,https://twitter.com/bracknellnews,1,bracknellnews
Bradford Telegraph & Argus,https://www.thetelegraphandargus.co.uk/,https://www.twitter.com/@Bradford_TandA,3,Bradford_TandA
Braintree & Witham Times (Braintree),https://www.braintreeandwithamtimes.co.uk/,https://twitter.com/BW_Times,1,BW_Times
Braintree & Witham Times (Dunmow),https://www.braintreeandwithamtimes.co.uk/,https://twitter.com/BW_Times,1,BW_Times
Braintree & Witham Times (Witham),https://www.braintreeandwithamtimes.co.uk/,https://twitter.com/BW_Times,1,BW_Times
Brecon & Radnor Express,https://www.brecon-radnor.co.uk/,https://twitter.com/BnRExpress,1,BnRExpress
Brent & Kilburn Times,https://www.kilburntimes.co.uk/,https://twitter.com/islingtongztte,1,islingtongztte
"Brentford, Isleworth & Chiswick Chronicle",https://www.mylondon.news/all-about/feltham,https://twitter.com/myldn,1,myldn
Brentwood Gazette (Billericay),https://www.essexlive.news/,https://twitter.com/essexlive,1,essexlive
Brentwood Gazette (Brentford),https://www.essexlive.news/,https://twitter.com/essexlive,1,essexlive
Brentwood Gazette (Ongar),https://www.essexlive.news/,https://twitter.com/essexlive,1,essexlive
Brentwood Gazette (Romford),https://www.essexlive.news/,https://twitter.com/essexlive,1,essexlive
Brentwood Weekly News,https://www.brentwoodlive.co.uk/,https://twitter.com/BrentwoodLive,1,BrentwoodLive
Bridgnorth Journal,https://www.shropshirestar.com/news/local-hubs/bridgnorth/,https://twitter.com/shropshirestar,1,shropshirestar
Bridlington Free Press,https://www.thescarboroughnews.co.uk/,https://twitter.com/TheScarboroNews,1,TheScarboroNews
Brighouse Echo,https://www.halifaxcourier.co.uk/,https://twitter.com/HXCourier,1,HXCourier
Brighton Argus,https://www.theargus.co.uk/,https://twitter.com/@brightonargus,1,brightonargus
Brighton and Hove News,https://www.brightonandhovenews.org/,https://twitter.com/bhcitynews,8,bhcitynews
Bristol Post,https://www.bristolpost.co.uk/,https://twitter.com/bristollive,1,bristollive
Brixton Blog/Bugle,https://brixtonblog.com,https://twitter.com/BrixtonBlog,2,BrixtonBlog
Broadway Ham & High,https://www.hamhigh.co.uk/,https://twitter.com/hackneygazette,1,hackneygazette
Bromley News Shopper,https://www.newsshopper.co.uk/news/bromley/,https://www.twitter.com/newsshopper,1,newsshopper
Bromley Times,https://www.barkinganddagenhampost.co.uk/,https://twitter.com/BDPost,1,BDPost
Bromsgrove Advertiser,https://www.bromsgroveadvertiser.co.uk/,https://twitter.com/Brom_Advertiser,1,Brom_Advertiser
Broughton Spurtle,http://www.broughtonspurtle.org.uk/,https://twitter.com/theSpurtle?ref_src=twsrc%5Etfw,1,theSpurtle
Buchan Observer,https://www.scotsman.com/regions/aberdeen-and-north-east,https://twitter.com/TheScotsman,1,TheScotsman
Buckingham Advertiser,https://www.bucksherald.co.uk/,https://twitter.com/bucks_herald,1,bucks_herald
Bucks Free Press,https://www.bucksfreepress.co.uk/,https://www.twitter.com/bucksfreepress,1,bucksfreepress
Bude & Stratton Post,https://www.bude-today.co.uk/,https://twitter.com/ThePostSeries,1,ThePostSeries
Burnham Standard,https://www.maldonandburnhamstandard.co.uk/,https://twitter.com/maldonstandard,1,maldonstandard
Burnley Express (Burnley),https://www.burnleyexpress.net/,https://twitter.com/burnleyexpress,1,burnleyexpress
Burnley Express (Padiham),https://www.burnleyexpress.net/,https://twitter.com/burnleyexpress,1,burnleyexpress
Burton Mail,https://www.staffordshire-live.co.uk/all-about/burton,https://twitter.com/staffs_live,1,staffs_live
Bury Free Press,https://www.suffolknews.co.uk/bury-st-edmunds/,https://twitter.com/SuffolkNewswire,2,SuffolkNewswire
Bury Free Press (Mildenhall),https://www.suffolknews.co.uk/bury-st-edmunds/,https://twitter.com/SuffolkNewswire,2,SuffolkNewswire
Bury Free Press (Stowmarket),https://www.suffolknews.co.uk/bury-st-edmunds/,https://twitter.com/SuffolkNewswire,2,SuffolkNewswire
Bury Mercury,https://www.burymercury.co.uk/,https://twitter.com/bktimes,1,bktimes
Bury Mercury (Mildenhall),https://www.burymercury.co.uk/,https://twitter.com/bktimes,1,bktimes
Bury Times,https://www.burytimes.co.uk/,https://twitter.com/BuryTimes,1,BuryTimes
Buxton Advertiser,https://www.buxtonadvertiser.co.uk/,https://twitter.com/Buxton_News,1,Buxton_News
Caernarfon Herald,https://www.dailypost.co.uk/all-about/gwynedd,https://twitter.com/northwaleslive,1,northwaleslive
Caithness Courier,https://www.johnogroat-journal.co.uk/,https://twitter.com/GroatNews,1,GroatNews
Cambrian News,https://www.cambrian-news.co.uk/,https://twitter.com/cambriannews,1,cambriannews
Cambridge Independent,https://www.cambridgeindependent.co.uk/,https://twitter.com/CambridgeIndy,1,CambridgeIndy
Cambridge News,https://www.cambridge-news.co.uk/,https://twitter.com/CambsLive,1,CambsLive
Cambridge News & Crier,https://www.cambridge-news.co.uk/,https://twitter.com/CambsLive,1,CambsLive
Camelford & Delabole Post,https://www.thepost.uk.com/,https://twitter.com/ThePostSeries,1,ThePostSeries
Campbeltown Courier,https://www.campbeltowncourier.co.uk/,https://twitter.com/campbeltowncour,1,campbeltowncour
Cannock Mercury,https://www.birminghammail.co.uk/all-about/cannock,https://twitter.com/birmingham_live,1,birmingham_live
Carluke Gazette,https://www.glasgowworld.com/,https://twitter.com/GlasgowWorldUK,1,GlasgowWorldUK
Carmarthen Journal,https://www.walesonline.co.uk/all-about/swansea,https://twitter.com/WalesOnline,2,WalesOnline
Carrick Gazette & Girvan News,https://www.scotsman.com/read-this/welcome-scotsmancom-best-place-scottish-news-and-features-2539518,https://twitter.com/TheScotsman,1,TheScotsman
Carrick Herald,https://www.ayradvertiser.com/,https://twitter.com/ayradvertiser,1,ayradvertiser
Carrick Post,https://www.dailyrecord.co.uk/all-about/ayr,https://twitter.com/Daily_Record,2,Daily_Record
Carrick Times,https://www.northernirelandworld.com/,https://twitter.com/nirelandworld,1,nirelandworld
"Castle Point, Rayleigh & Rochford Standard",https://www.echo-news.co.uk/,https://www.twitter.com/Essex_Echo,1,Essex_Echo
Central Fife Times & Advertiser,https://www.centralfifetimes.com/,https://twitter.com/fifetimes,1,fifetimes
Central Somerset Gazette,https://www.somersetlive.co.uk/,https://twitter.com/somersetlive,1,somersetlive
Chard & Ilminster News,https://www.chardandilminsternews.co.uk/,https://twitter.com/chardandilynews,1,chardandilynews
Charlton Champion,https://charltonchampion.co.uk/,https://twitter.com/hashtag/cafc?src=hash&ref_src=twsrc%5Etfw,4,hashtag
Cheadle & Tean Times,https://www.timesechoandlife.co.uk/,http://twitter.com/timesandecho,1,timesandecho
Cheddar Valley Gazette,https://www.somersetlive.co.uk/,https://twitter.com/somersetlive,1,somersetlive
Chelmsford Weekly News,https://www.chelmsfordweeklynews.co.uk/,https://twitter.com/ChelmsfordTimes,1,ChelmsfordTimes
Chepstow Beacon,https://www.chepstowbeacon.co.uk/,https://twitter.com/chepbeacon,1,chepbeacon
Chester & District Standard,https://www.chesterstandard.co.uk/,https://twitter.com/standardchester,1,standardchester
Chester Chronicle,https://www.cheshire-live.co.uk/,https://twitter.com/CheshireLive,1,CheshireLive
Chester-le-Street Advertiser,https://www.thenorthernecho.co.uk/news/local/northdurham/chesterlestreet/,https://twitter.com/TheNorthernEcho,2,TheNorthernEcho
Chichester Observer,https://www.sussexexpress.co.uk/your-sussex/west-sussex/chichester,https://twitter.com/Sussex_World,1,Sussex_World
Chorley Guardian,https://www.lep.co.uk/,https://twitter.com/leponline,1,leponline
Christchurch Advertiser,https://www.bournemouthecho.co.uk/advertiserseries/,http://twitter.com/Bournemouthecho,2,Bournemouthecho
Chronicle Xtra - Chester,https://www.cheshire-live.co.uk/,https://twitter.com/CheshireLive,1,CheshireLive
Chronicle Xtra - South Cheshire,https://www.cheshire-live.co.uk/all-about/crewe,https://twitter.com/CheshireLive,2,CheshireLive
City Matters,https://www.citymatters.london/,https://twitter.com/city_matters,1,city_matters
Clitheroe Advertiser & Times,https://www.burnleyexpress.net/,https://twitter.com/burnleyexpress,1,burnleyexpress
Clydebank Post,https://www.clydebankpost.co.uk/,https://twitter.com/clydebankpost,1,clydebankpost
Colchester Gazette,https://www.gazette-news.co.uk/,https://twitter.com/TheGazette,1,TheGazette
Coleraine Chronicle,https://www.colerainechronicle.co.uk/,https://twitter.com/colerainechron?lang=en,1,colerainechron
Coleraine Times,https://www.northernirelandworld.com/,https://twitter.com/nirelandworld,1,nirelandworld
Colne Times,https://www.burnleyexpress.net/topic/colne,https://twitter.com/burnleyexpress,1,burnleyexpress
Congleton Chronicle,http://www.chronicleseries.com/contact/,https://twitter.com/CongletonChron,1,CongletonChron
Consett & Stanley Advertiser,https://www.thenorthernecho.co.uk/news/local/northdurham/consett/,https://twitter.com/TheNorthernEcho,2,TheNorthernEcho
Cornish & Devon Post,https://www.thepost.uk.com/,https://twitter.com/ThePostSeries,1,ThePostSeries
Cornish Guardian (Bodmin & District),https://www.cornwalllive.com/,https://twitter.com/cornwalllive,1,cornwalllive
Cornish Guardian (Lostwithiel & Foney),https://www.cornwalllive.com/,https://twitter.com/cornwalllive,1,cornwalllive
Cornish Guardian (Newquay),https://www.cornwalllive.com/,https://twitter.com/cornwalllive,1,cornwalllive
Cornish Guardian (North Cornwall),https://www.cornwalllive.com/,https://twitter.com/cornwalllive,1,cornwalllive
Cornish Guardian (South East),https://www.cornwalllive.com/,https://twitter.com/cornwalllive,1,cornwalllive
Cornish Guardian (St Austell),https://www.cornwalllive.com/,https://twitter.com/cornwalllive,1,cornwalllive
Cornish Guardian (Wadebridge & Padstow),https://www.cornwalllive.com/,https://twitter.com/cornwalllive,1,cornwalllive
Cornish Stuff,https://cornishstuff.com/,https://twitter.com/cornishstuff,2,cornishstuff
Cornish Times,https://www.cornish-times.co.uk/,https://twitter.com/cornishtimes,1,cornishtimes
Cornwall Reports,https://cornwallreports.co.uk/,https://twitter.com/GrahamSmithCR/status/809467296003428352,1,GrahamSmithCR
"Corwen, Bala & Llangollen Free Press",https://www.denbighshirefreepress.co.uk/,https://twitter.com/DenbighshireFP,1,DenbighshireFP
Cotswold Journal,https://www.wiltsglosstandard.co.uk/,https://twitter.com/WiltsAndGlosStd,2,WiltsAndGlosStd
County Down Spectator,https://countydownspectator.com/,https://twitter.com/codownspectator,4,codownspectator
County Echo,https://www.tenby-today.co.uk/,https://twitter.com/tenbyobserver,1,tenbyobserver
Courier & Advertiser (Dundee),https://www.thecourier.co.uk/,https://www.twitter.com/thecourieruk,1,thecourieruk
Coventry Telegraph,https://www.coventrytelegraph.net/,https://twitter.com/live_coventry,1,live_coventry
Craven Herald & Pioneer,https://www.cravenherald.co.uk/,https://twitter.com/CravenHerald,1,CravenHerald
Crawley Observer,https://www.sussexexpress.co.uk/your-sussex/west-sussex/crawley,https://twitter.com/Sussex_World,1,Sussex_World
Crediton Courier,https://www.creditoncourier.co.uk/,https://twitter.com/creditoncourier,1,creditoncourier
Crewe Chronicle,https://www.cheshire-live.co.uk/all-about/crewe,https://twitter.com/CheshireLive,2,CheshireLive
Crewe Guardian,https://www.northwichguardian.co.uk/,https://twitter.com/NorthwichNews,1,NorthwichNews
Crosby & Bootle Star,https://www.liverpoolecho.co.uk/all-about/crosby,https://twitter.com/LivEchonews,1,LivEchonews
Crowborough Life,https://crowboroughlife.com,https://twitter.com/CrowboroughLife,2,CrowboroughLife
Croydon Advertiser,https://www.mylondon.news/all-about/croydon,https://twitter.com/myldn,1,myldn
Cumberland & Westmorland Herald,https://cwherald.com/,https://twitter.com/CWHerald,1,CWHerald
Cumbernauld News,https://www.glasgowworld.com/,https://twitter.com/GlasgowWorldUK,1,GlasgowWorldUK
Cumbria Crack,https://cumbriacrack.com,https://web.archive.org/web/20220201031943/https://twitter.com/CumbriaCrack,1,CumbriaCrack
Cumnock Chronicle & Muirkirk Advertiser,https://www.cumnockchronicle.com/,https://twitter.com/cumnockchron,1,cumnockchron
Cynon Valley Leader,https://www.walesonline.co.uk/all-about/cynon-valley,https://twitter.com/WalesOnline,1,WalesOnline
Daily Post - Conwy,https://www.dailypost.co.uk/,https://twitter.com/northwaleslive,1,northwaleslive
Darlington & Stockton Times,https://www.darlingtonandstocktontimes.co.uk/,https://twitter.com/DAndSTimes,1,DAndSTimes
"Darlington, Aycliffe & Sedgefield Advertiser",https://www.thenorthernecho.co.uk/,https://twitter.com/TheNorthernEcho,2,TheNorthernEcho
Dartford & Swanley News Shopper,https://www.newsshopper.co.uk/news/dartford_swanley/,https://www.twitter.com/newsshopper,1,newsshopper
Dartford Messenger,https://www.kentonline.co.uk/dartford/,https://twitter.com/KMDartford,1,KMDartford
Dartmouth Chronicle,https://www.dartmouth-today.co.uk/,https://twitter.com/NewsSouthHams,1,NewsSouthHams
Daventry Express,https://www.daventryexpress.co.uk/,https://twitter.com/DxGusher,1,DxGusher
Dawlish Gazette,https://www.dawlish-today.co.uk/,https://twitter.com/dawlishgaz,1,dawlishgaz
Dawlish Post,https://www.dawlish-today.co.uk/,https://twitter.com/dawlishgaz,1,dawlishgaz
Dearne Valley Weekender,https://www.rotherhamadvertiser.co.uk/,https://twitter.com/rotherhamtiser,1,rotherhamtiser
Deeside Piper and Herald,https://www.scotsman.com/regions/aberdeen-and-north-east,https://twitter.com/TheScotsman,1,TheScotsman
Deeside.com,http://www.deeside.com/,https://twitter.com/deesidedotcom,15,deesidedotcom
Denbighshire Free Press,https://www.denbighshirefreepress.co.uk/,https://twitter.com/DenbighshireFP,1,DenbighshireFP
Derby Telegraph,https://www.derbytelegraph.co.uk/,https://twitter.com/derbyshire_live,1,derbyshire_live
Derbyshire Times,https://www.derbyshiretimes.co.uk/,https://twitter.com/D_Times,1,D_Times
Dereham Times,https://www.derehamtimes.co.uk/,https://twitter.com/cambstimes,1,cambstimes
Derry Journal,https://www.derryjournal.com/,https://www.twitter.com/derryjournal,2,derryjournal
Dewsbury & Mirfield Reporter,https://www.dewsburyreporter.co.uk/,https://twitter.com/DewsReporter,1,DewsReporter
Diss Express,https://www.dissexpress.co.uk/,https://twitter.com/Diss_Express,1,Diss_Express
Doncaster Free Press,https://www.doncasterfreepress.co.uk/,https://twitter.com/DonnyFreePress,1,DonnyFreePress
Donside Piper and Herald,https://www.scotsman.com/regions/aberdeen-and-north-east,https://twitter.com/TheScotsman,1,TheScotsman
Dorking Advertiser,https://www.getsurrey.co.uk/all-about/dorking,https://twitter.com/SurreyLive,2,SurreyLive
Dorset Echo,https://www.dorsetecho.co.uk/,https://twitter.com/Dorsetecho,1,Dorsetecho
Dover Express,https://www.kentlive.news/,https://twitter.com/kentlivenews,1,kentlivenews
Dover Mercury,https://www.kentonline.co.uk/deal/,https://twitter.com/KentishExpress,2,KentishExpress
Down News,https://downnews.co.uk/,https://twitter.com/downnewsltd,1,downnewsltd
Down Recorder,http://www.thedownrecorder.co.uk/,https://twitter.com/TheDownRecorder,1,TheDownRecorder
Droitwich Advertiser,https://www.worcesternews.co.uk/,https://twitter.com/worcesternews,2,worcesternews
Droitwich Standard,https://droitwichstandard.co.uk/,https://twitter.com/DroitStand,1,DroitStand
Dromore Leader,https://www.northernirelandworld.com/,https://twitter.com/nirelandworld,1,nirelandworld
Dudley News,https://www.dudleynews.co.uk/,https://twitter.com/DudleyNews1,1,DudleyNews1
Dulwich Diverter,https://dulwichdiverter.tumblr.com/,https://twitter.com/share,1,share
Dumbarton Vale of Leven Reporter,https://www.dumbartonreporter.co.uk/,https://twitter.com/dumbartonreport,1,dumbartonreport
Dumfries & Galloway Standard,https://www.dailyrecord.co.uk/all-about/dumfries-galloway,https://twitter.com/Daily_Record,2,Daily_Record
Dumfries Courier,https://www.dng24.co.uk/,https://twitter.com/dng_24,1,dng_24
Dundee Evening Telegraph,https://www.thecourier.co.uk/,https://www.twitter.com/thecourieruk,1,thecourieruk
Dunfermline Press & West of Fife Advertiser,https://www.dunfermlinepress.com/,https://twitter.com/dunfermlinep,1,dunfermlinep
Dunmow Broadcast,https://www.dunmowbroadcast.co.uk/,https://twitter.com/dissmercury,1,dissmercury
Dunoon Observer & Argyllshire Standard,https://www.argyllbute24.co.uk/,https://twitter.com/dunoonobserver,1,dunoonobserver
Durham Advertiser,https://www.thenorthernecho.co.uk/news/local/northdurham/durham/,https://twitter.com/TheNorthernEcho,2,TheNorthernEcho
Durham Times,https://www.thenorthernecho.co.uk/news/local/northdurham/durham/,https://twitter.com/TheNorthernEcho,2,TheNorthernEcho
EC1 Echo,https://www.ec1echo.co.uk,https://twitter.com/Ec1Echo,1,Ec1Echo
Ealing Gazette (Ealing & Acton),https://www.mylondon.news/all-about/ealing,https://twitter.com/myldn,1,myldn
Ealing Gazette (Greenford & Northolt),https://www.mylondon.news/all-about/ealing,https://twitter.com/myldn,1,myldn
Ealing Gazette (Southall),https://www.mylondon.news/all-about/ealing,https://twitter.com/myldn,1,myldn
Easingwold Advertiser,https://www.easingwoldadvertiser.com/,https://twitter.com/easingwoldadver,1,easingwoldadver
East Anglian Daily Times (East),https://www.eadt.co.uk/,https://twitter.com/eadt24,1,eadt24
East Anglian Daily Times (Essex),https://www.eadt.co.uk/,https://twitter.com/eadt24,1,eadt24
East Anglian Daily Times (West),https://www.eadt.co.uk/,https://twitter.com/eadt24,1,eadt24
East Cornwall Times,https://www.tavistock-today.co.uk/,https://twitter.com/tavistocktimes,1,tavistocktimes
East Devon News,https://eastdevonnews.co.uk/,https://twitter.com/EastDevonNews?lang=en-gb,2,EastDevonNews
East Fife Mail,https://www.fifetoday.co.uk/,https://twitter.com/FFP,1,FFP
East Grinstead Courier,https://www.kentlive.news/news/sussex-news/,https://twitter.com/kentlivenews,1,kentlivenews
East Kent Mercury,https://www.kentonline.co.uk/deal/,https://twitter.com/KentishExpress,2,KentishExpress
East Kilbride News,https://www.dailyrecord.co.uk/all-about/east-kilbride,https://twitter.com/Daily_Record,1,Daily_Record
East Lindsey Target,https://www.lincolnshirelive.co.uk/,https://twitter.com/LincsLive,1,LincsLive
East London and West Essex Guardian,https://www.guardian-series.co.uk/,https://twitter.com/WFGuardian,1,WFGuardian
East Lothian Courier,https://www.eastlothiancourier.com/,https://twitter.com/elcourier,1,elcourier
East Riding Mail,https://www.hulldailymail.co.uk/,https://twitter.com/HullLive,1,HullLive
Eastbourne Gazette (Eastbourne),https://www.sussexexpress.co.uk/your-sussex/east-sussex/eastbourne,https://twitter.com/Sussex_World,1,Sussex_World
Eastbourne Gazette (Seaford),https://www.sussexexpress.co.uk/your-sussex/east-sussex/eastbourne,https://twitter.com/Sussex_World,1,Sussex_World
Eastbourne Herald,https://www.sussexexpress.co.uk/your-sussex/east-sussex/eastbourne,https://twitter.com/Sussex_World,1,Sussex_World
Eastern Daily Press,https://www.edp24.co.uk/,https://twitter.com/edp24,1,edp24
Eastern Daily Press (Fenland),https://www.edp24.co.uk/,https://twitter.com/edp24,1,edp24
Eastleigh News,https://www.eastleighnews.co.uk/,https://twitter.com/Eastleigh_news,1,Eastleigh_news
Eastwood Advertiser,https://www.chad.co.uk/,https://twitter.com/chadnews,1,chadnews
Edgware & Mill Hill Press,https://www.yellowad.co.uk/,https://twitter.com/basildonya,1,basildonya
Edgware & Mill Hill Times,https://www.times-series.co.uk/news/,https://twitter.com/Times_Series,1,Times_Series
Edinburgh Evening News,https://www.edinburghnews.scotsman.com/,https://twitter.com/edinburghpaper,1,edinburghpaper
Edinburgh Now,https://www.dailyrecord.co.uk/,https://twitter.com/Daily_Record,1,Daily_Record
Edinburgh Reporter,https://theedinburghreporter.co.uk/,https://twitter.com/EdinReporter,1,EdinReporter
Ellesmere Port Standard,https://www.chesterstandard.co.uk/,https://twitter.com/standardchester,1,standardchester
Ellon Times,https://www.scotsman.com/regions/aberdeen-and-north-east,https://twitter.com/TheScotsman,1,TheScotsman
Ely Standard (Ely),https://www.elystandard.co.uk/,https://twitter.com/dunmowbroadcast,1,dunmowbroadcast
Ely Standard (Soham),https://www.elystandard.co.uk/,https://twitter.com/dunmowbroadcast,1,dunmowbroadcast
Epsom Comet,https://www.surreycomet.co.uk/news/epsom/,https://www.twitter.com/surreycomet,1,surreycomet
Essex Chronicle (Braintree),https://www.essexlive.news/,https://twitter.com/essexlive,1,essexlive
Essex Chronicle (Chelmsford),https://www.essexlive.news/,https://twitter.com/essexlive,1,essexlive
Essex Chronicle (Maldon),https://www.essexlive.news/,https://twitter.com/essexlive,1,essexlive
Essex County Standard,https://www.gazette-news.co.uk/,https://twitter.com/TheGazette,1,TheGazette
Evening Gazette (Teesside),https://www.gazettelive.co.uk/,https://twitter.com/TeessideLive,1,TeessideLive
Evening Times (Glasgow),https://www.glasgowtimes.co.uk/,https://twitter.com/Glasgow_Times?ref_src=twsrc%5Egoogle%7Ctwcamp%5Eserp%7Ctwgr%5Eauthor,2,Glasgow_Times
Evesham Journal,https://www.eveshamjournal.co.uk/,https://twitter.com/EveshamJournal,1,EveshamJournal
Evesham Observer,https://www.eveshamobserver.co.uk/,https://twitter.com/EveshamObserver,1,EveshamObserver
Exeter Observer,https://exeterobserver.org/,https://twitter.com/exeterobserver,1,exeterobserver
Exmouth Herald,https://www.exmouthjournal.co.uk/,https://twitter.com/exmouthjournal,1,exmouthjournal
Exmouth Journal (Budleigh),https://www.exmouthjournal.co.uk/,https://twitter.com/exmouthjournal,1,exmouthjournal
Exmouth Journal (Exmouth),https://www.exmouthjournal.co.uk/,https://twitter.com/exmouthjournal,1,exmouthjournal
Express and Echo,https://www.devonlive.com/,https://twitter.com/devonlivenews,1,devonlivenews
Express and Star (Dudley),https://www.expressandstar.com/,https://twitter.com/expressandstar,1,expressandstar
Express and Star (Sandwell),https://www.expressandstar.com/,https://twitter.com/expressandstar,1,expressandstar
Express and Star (Walsall),https://www.expressandstar.com/,https://twitter.com/expressandstar,1,expressandstar
Express and Star (Wolverhampton),https://www.expressandstar.com/,https://twitter.com/expressandstar,1,expressandstar
Fakenham & Wells Times,https://www.fakenhamtimes.co.uk/,https://twitter.com/elystandard,1,elystandard
Falkirk Herald,https://www.falkirkherald.co.uk/,https://twitter.com/falkirk_herald,1,falkirk_herald
Falmouth & Penryn Packet,https://www.falmouthpacket.co.uk/news/fpfalmouth/,https://twitter.com/ThePacket,2,ThePacket
Farnham Herald,https://www.farnhamherald.com/,https://twitter.com/farnhamherald,1,farnhamherald
Faversham News,https://www.kentonline.co.uk/faversham/,https://twitter.com/FavershamNews,2,FavershamNews
Feltham Chronicle,https://www.mylondon.news/all-about/feltham,https://twitter.com/myldn,1,myldn
Fenland Citizen,https://www.fenlandcitizen.co.uk/,https://twitter.com/fenlandcit,1,fenlandcit
Fermanagh Herald,https://fermanaghherald.com/,https://twitter.com/Donegal_News,2,Donegal_News
Fife & Kinross Extra,https://www.dunfermlinepress.com/,https://twitter.com/dunfermlinep,1,dunfermlinep
Fife Free Press,https://www.fifetoday.co.uk/,https://twitter.com/FFP,1,FFP
Fife Herald,https://www.fifetoday.co.uk/,https://twitter.com/FFP,1,FFP
Filey & Hunmanby Mercury,https://www.thescarboroughnews.co.uk/read-this/welcome-scarborough-news-all-latest-news-and-sport-2534654,https://twitter.com/thescarboronews?lang=en,2,thescarboronews
Filton Journal,http://www.filtonjournal.co.uk,https://twitter.com/FiltonJournal,2,FiltonJournal
Fitzrovia News,https://fitzrovianews.com,https://twitter.com/FitzroviaNews,1,FitzroviaNews
Fleetwood Weekly News,https://www.blackpoolgazette.co.uk/,https://www.twitter.com/the_gazette,2,the_gazette
Flintshire Chronicle,https://www.dailypost.co.uk/all-about/flintshire,https://twitter.com/northwaleslive,1,northwaleslive
Flintshire Standard,https://www.leaderlive.co.uk/,https://twitter.com/leaderlive,2,leaderlive
Folkestone & Hythe Express,https://www.kentonline.co.uk/folkestone/,https://twitter.com/FHExpress,1,FHExpress
Folkestone Herald (Folkestone),https://www.kentlive.news/,https://twitter.com/kentlivenews,1,kentlivenews
Folkestone Herald (Hythe),https://www.kentlive.news/,https://twitter.com/kentlivenews,1,kentlivenews
Folkestone Herald (Romney Marsh),https://www.kentlive.news/,https://twitter.com/kentlivenews,1,kentlivenews
Forest of Dean & Wye Valley Review,https://www.theforestreview.co.uk/,https://twitter.com/DeanWyeNews,1,DeanWyeNews
Forres Gazette,https://www.forres-gazette.co.uk/,https://twitter.com/Forres_Gazette,1,Forres_Gazette
Fraserburgh Herald,https://www.scotsman.com/regions/aberdeen-and-north-east,https://twitter.com/TheScotsman,1,TheScotsman
Frome Standard,https://www.somersetlive.co.uk/,https://twitter.com/somersetlive,1,somersetlive
Frome Times,http://www.frometimes.co.uk/,http://www.twitter.com/frometimes,2,frometimes
Gainsborough Standard,https://www.lincolnshireworld.com/,https://twitter.com/LincsWorld,1,LincsWorld
Galloway Gazette & Stranraer News,https://www.gallowaygazette.co.uk/,https://twitter.com/gallgaz,1,gallgaz
Galloway News,https://www.dailyrecord.co.uk/all-about/dumfries-galloway,https://twitter.com/Daily_Record,2,Daily_Record
Garstang Courier,https://www.lep.co.uk/,https://twitter.com/leponline,1,leponline
Gazette & Herald - Yorkshire,https://www.gazetteherald.co.uk/,https://twitter.com/gazetteherald,1,gazetteherald
Gazette - Blackpool,https://www.blackpoolgazette.co.uk/,https://www.twitter.com/the_gazette,2,the_gazette
Gedling Eye,https://www.gedlingeye.co.uk/,https://www.twitter.com/gedlingeye,2,gedlingeye
Getreading,https://www.getreading.co.uk/,https://twitter.com/berkshire_live,1,berkshire_live
Glamorgan Gazette,https://www.walesonline.co.uk/all-about/bridgend,https://twitter.com/WalesOnline,1,WalesOnline
Glasgow West End Today,https://www.glasgowwestendtoday.scot,https://twitter.com/GlasgowWEToday,27,GlasgowWEToday
Glenrothes Gazette,https://www.fifetoday.co.uk/,https://twitter.com/FFP,1,FFP
Gloucester Review,http://www.gloucesterreview.co.uk/,https://twitter.com/GlosReviewNews,1,GlosReviewNews
Gloucestershire County Gazette,https://www.gazetteseries.co.uk/,https://twitter.com/glosgazette,1,glosgazette
Gloucestershire Echo,https://www.gloucestershirelive.co.uk/,https://twitter.com/GlosLiveOnline,1,GlosLiveOnline
Gloucestershire Independent,https://www.wiltsglosstandard.co.uk/,https://twitter.com/WiltsAndGlosStd,2,WiltsAndGlosStd
Godalming Messenger,http://www.godalmingmessenger.com/,https://twitter.com/haslemerem,1,haslemerem
Grantham Journal,https://www.granthamjournal.co.uk/,https://twitter.com/GranthamJournal,1,GranthamJournal
Gravesend & Dartford Messenger Extra,https://www.kentonline.co.uk/gravesend/,https://twitter.com/KMGravesend,1,KMGravesend
Gravesend Messenger,https://www.kentonline.co.uk/gravesend/,https://twitter.com/KMGravesend,1,KMGravesend
Gravesend Reporter,https://www.romfordrecorder.co.uk/,https://twitter.com/romfordrecorder,1,romfordrecorder
Great Yarmouth Advertiser,https://www.greatyarmouthmercury.co.uk/,https://twitter.com/fakenhamtimes,1,fakenhamtimes
Great Yarmouth Mercury,https://www.greatyarmouthmercury.co.uk/,https://twitter.com/fakenhamtimes,1,fakenhamtimes
Greater Govanhill CIC,https://www.greatergovanhill.com,http://twitter.com/govanhill_mag,1,govanhill_mag
Greenock Telegraph,https://www.greenocktelegraph.co.uk/,https://twitter.com/greenocktele,1,greenocktele
Greenwich News Shopper,https://www.newsshopper.co.uk/news/greenwich/,https://www.twitter.com/newsshopper,1,newsshopper
Grimsby Telegraph,https://www.grimsbytelegraph.co.uk/,https://twitter.com/GrimsbyLive,1,GrimsbyLive
Guide & Gazette (Angus),https://www.anguscountyworld.co.uk/,https://twitter.com/anguscpress,1,anguscpress
Guildford Dragon News,https://guildford-dragon.com/,https://twitter.com/guildforddragon,2,guildforddragon
Gwent Gazette,https://www.walesonline.co.uk/all-about/blaenau-gwent,https://twitter.com/WalesOnline,1,WalesOnline
HI HUB,https://www.hihub.info,https://twitter.com/HIHUBInfo1,1,HIHUBInfo1
Hackney Gazette,https://www.hackneygazette.co.uk/,https://twitter.com/GYMercury,1,GYMercury
Halesowen News,https://www.halesowennews.co.uk/,https://twitter.com/halesowennews,1,halesowennews
Halifax Courier,https://www.halifaxcourier.co.uk/,https://twitter.com/HXCourier,1,HXCourier
Halstead Gazette,https://www.halsteadgazette.co.uk/,https://twitter.com/HalsteadGazette,1,HalsteadGazette
Ham & High Express,https://www.hamhigh.co.uk/,https://twitter.com/hackneygazette,1,hackneygazette
Hamilton Advertiser,https://www.dailyrecord.co.uk/all-about/hamilton,https://twitter.com/Daily_Record,2,Daily_Record
Hampshire Chronicle,https://www.hampshirechronicle.co.uk/,https://twitter.com/hantschronicle/,1,hantschronicle
Hampshire Independent,https://www.hantsdirect.com/,https://twitter.com/Observerseries,1,Observerseries
Harborough Mail,https://www.harboroughmail.co.uk/,https://twitter.com/harbmailr,2,harbmailr
Harefield Gazette,https://www.mylondon.news/all-about/harefield,https://twitter.com/myldn,1,myldn
Harleston Mercury,https://www.dissmercury.co.uk/,https://twitter.com/derehamtimes,1,derehamtimes
Harrogate Advertiser,https://www.harrogateadvertiser.co.uk/,https://twitter.com/HgateAdvertiser,1,HgateAdvertiser
Harrow Online,https://harrowonline.org/,https://twitter.com/harrowonline,1,harrowonline
Harrow Times,https://www.harrowtimes.co.uk/,https://twitter.com/TimesHarrow,1,TimesHarrow
Hartlepool Life,https://www.hartlepoollife.co.uk/,https://twitter.com/hartlepool_life,1,hartlepool_life
Hartlepool Mail,https://www.hartlepoolmail.co.uk/,https://twitter.com/HPoolMail,1,HPoolMail
Haslemere Herald,https://www.haslemereherald.com/,https://twitter.com/haslemereh,1,haslemereh
Haslemere Messenger,https://www.haslemereherald.com/,https://twitter.com/haslemereh,1,haslemereh
Hastings Observer,https://www.sussexexpress.co.uk/your-sussex/east-sussex/hastings-and-rye,https://twitter.com/Sussex_World,1,Sussex_World
Haverhill Echo,https://www.suffolknews.co.uk/haverhill/,https://twitter.com/SuffolkNewswire,2,SuffolkNewswire
Hayes & Harlington Gazette,https://www.mylondon.news/all-about/hayes,https://twitter.com/myldn,1,myldn
Helensburgh Advertiser,https://www.helensburghadvertiser.co.uk/,https://twitter.com/helensburghadv,1,helensburghadv
Helston Packet,https://www.falmouthpacket.co.uk/news/helstonandporthleven/,https://twitter.com/ThePacket,2,ThePacket
Hendon & Finchley Press,https://www.yellowad.co.uk/,https://twitter.com/basildonya,1,basildonya
Hendon & Finchley Times,https://www.times-series.co.uk/news/,https://twitter.com/Times_Series,1,Times_Series
Henley Standard,https://www.henleystandard.co.uk/,https://twitter.com/henleystandard,1,henleystandard
Herald & Post (Dunstable),https://www.lutontoday.co.uk/,https://twitter.com/lutonnews,1,lutonnews
Herald & Post (Luton),https://www.lutontoday.co.uk/,https://twitter.com/lutonnews,1,lutonnews
Herald Express (Bay & County),https://www.devonlive.com/,https://twitter.com/devonlivenews,1,devonlivenews
Herald Express (Brixham & South Hams),https://www.devonlive.com/,https://twitter.com/devonlivenews,1,devonlivenews
Herald Express (Newton & Teign),https://www.devonlive.com/,https://twitter.com/devonlivenews,1,devonlivenews
Hereford Times,https://www.herefordtimes.com/,https://twitter.com/herefordtimes,1,herefordtimes
Herne Bay Gazette,https://www.kentonline.co.uk/herne-bay/,https://twitter.com/HerneBayGazette,2,HerneBayGazette
Hertfordshire Mercury (Buntingford & Royston),https://www.hertfordshiremercury.co.uk/all-about/buntingford,https://twitter.com/HertsMercury,1,HertsMercury
Hertfordshire Mercury (Cheshunt & Waltham),https://www.hertfordshiremercury.co.uk/all-about/cheshunt,https://twitter.com/HertsMercury,1,HertsMercury
Hertfordshire Mercury (Hoddesdon & Broxbourne),https://www.hertfordshiremercury.co.uk/all-about/cheshunt,https://twitter.com/HertsMercury,1,HertsMercury
Hertfordshire Mercury (Main Edition),https://www.hertfordshiremercury.co.uk/,https://twitter.com/HertsMercury,1,HertsMercury
Herts Advertiser (Harpenden),https://www.hertsad.co.uk/,https://twitter.com/hertsad,1,hertsad
Herts Advertiser (St Albans),https://www.hertsad.co.uk/,https://twitter.com/hertsad,1,hertsad
Hexham Courant,https://www.hexham-courant.co.uk/,https://twitter.com/hexhamcourant,2,hexhamcourant
Heywood Advertiser,https://www.manchestereveningnews.co.uk/all-about/heywood,https://twitter.com/MENNewsdesk,1,MENNewsdesk
Highland News,https://www.inverness-courier.co.uk/,https://twitter.com/InvCourier,1,InvCourier
Hinckley Times,https://www.leicestermercury.co.uk/all-about/hinckley,https://twitter.com/leicslive,2,leicslive
Hold the Front Page,https://www.holdthefrontpage.co.uk,https://twitter.com/journalism_news?ref_src=twsrc%5Etfw,2,journalism_news
Holderness Gazette,https://holderness-gazette.co.uk/,https://twitter.com/HoldernessNews,3,HoldernessNews
Holsworthy Post,https://www.holsworthy-today.co.uk/,https://twitter.com/ThePostSeries,1,ThePostSeries
Holyhead & Anglesey Mail,https://www.dailypost.co.uk/,https://twitter.com/northwaleslive,1,northwaleslive
Horncastle News,https://www.lincolnshireworld.com/,https://twitter.com/LincsWorld,1,LincsWorld
Hounslow Chronicle,https://www.mylondon.news/all-about/hounslow,https://twitter.com/myldn,1,myldn
Hucknall Dispatch,https://www.hucknalldispatch.co.uk/,https://twitter.com/DispatchDaily,1,DispatchDaily
Huddersfield Daily Examiner,https://www.examinerlive.co.uk/,https://twitter.com/yorkshirelive,1,yorkshirelive
Hull Daily Mail,https://www.hulldailymail.co.uk/,https://twitter.com/HullLive,1,HullLive
Ilford Recorder,https://www.ilfordrecorder.co.uk/,https://twitter.com/huntspost,1,huntspost
Ilkley Gazette,https://www.ilkleygazette.co.uk/,https://twitter.com/IlkleyGazette,1,IlkleyGazette
Inksplott,http://www.inksplott.co.uk/,https://twitter.com/inksplott,2,inksplott
Inside Croydon,https://insidecroydon.com/,http://twitter.com/AndrewJPelling,22,AndrewJPelling
Inverness Courier,https://www.inverness-courier.co.uk/,https://twitter.com/InvCourier,1,InvCourier
Inverurie Herald,https://www.scotsman.com/regions/aberdeen-and-north-east,https://twitter.com/TheScotsman,1,TheScotsman
Ipswich Star,https://www.ipswichstar.co.uk/,https://twitter.com/ipswichstar24,1,ipswichstar24
Ipswich Star (Felixstowe),https://www.ipswichstar.co.uk/,https://twitter.com/ipswichstar24,1,ipswichstar24
Irvine Herald,https://www.dailyrecord.co.uk/all-about/irvine,https://twitter.com/Daily_Record,1,Daily_Record
Irvine Times,https://www.irvinetimes.com/,https://twitter.com/irvinetimes,1,irvinetimes
Island Echo,https://www.islandecho.co.uk/,https://twitter.com/islandecho/lists/news-traffic-travel?ref_src=twsrc%5Etfw,2,islandecho
Isle of Thanet Gazette,https://www.kentonline.co.uk/canterbury/,https://twitter.com/KentishGazette,2,KentishGazette
Isle of Thanet News,https://theisleofthanetnews.com/,https://twitter.com/IsleThanetNews,1,IsleThanetNews
Isle of Wight County Press,https://www.countypress.co.uk/,https://twitter.com/iwcponline,1,iwcponline
Islington Gazette,https://www.islingtongazette.co.uk/,https://twitter.com/ilfordrecorder,1,ilfordrecorder
Ivybridge & South Brent Gazette,https://www.ivybridge-today.co.uk/,https://twitter.com/NewsSouthHams,1,NewsSouthHams
John O'Groats Journal,https://www.johnogroat-journal.co.uk/,https://twitter.com/GroatNews,1,GroatNews
KM Extra (Ashford),https://www.kentonline.co.uk/ashford/,https://twitter.com/KentishExpress,2,KentishExpress
KM Extra (Canterbury),https://www.kentonline.co.uk/canterbury/,https://twitter.com/KentishGazette,2,KentishGazette
KM Extra (Folkestone & Hythe),https://www.kentonline.co.uk/folkestone/,https://twitter.com/FHExpress,1,FHExpress
KM Extra (Maidstone),https://www.kentonline.co.uk/maidstone/,https://twitter.com/KM_Newsroom,2,KM_Newsroom
KM Extra (Medway),https://www.kentonline.co.uk/medway/,https://twitter.com/MedwayMessenger,2,MedwayMessenger
KM Extra (Thanet),https://www.kentonline.co.uk/thanet/,https://twitter.com/thanetextra,1,thanetextra
Keighley News,https://www.keighleynews.co.uk/,https://twitter.com/KeighleyNews,1,KeighleyNews
Kent & Sussex Courier (Edenbridge),https://www.kentlive.news/,https://twitter.com/kentlivenews,1,kentlivenews
Kent & Sussex Courier (Paddock Wood),https://www.kentlive.news/,https://twitter.com/kentlivenews,1,kentlivenews
Kent & Sussex Courier (Sussex),https://www.kentlive.news/,https://twitter.com/kentlivenews,1,kentlivenews
Kent & Sussex Courier (Tonbridge),https://www.kentlive.news/,https://twitter.com/kentlivenews,1,kentlivenews
Kent & Sussex Courier (Tunbridge Wells),https://www.kentlive.news/,https://twitter.com/kentlivenews,1,kentlivenews
Kent Messenger (Maidstone),https://www.kentonline.co.uk/,https://twitter.com/Kent_Online,1,Kent_Online
Kent Messenger (Malling),https://www.kentonline.co.uk/,https://twitter.com/Kent_Online,1,Kent_Online
Kent Messenger (Weald),https://www.kentonline.co.uk/,https://twitter.com/Kent_Online,1,Kent_Online
Kentish Express (Ashford),https://www.kentonline.co.uk/ashford/,https://twitter.com/KentishExpress,2,KentishExpress
Kentish Express (Folkestone),https://www.kentonline.co.uk/folkestone/,https://twitter.com/FHExpress,1,FHExpress
Kentish Express (Romney),https://www.kentonline.co.uk/romney-marsh/,https://twitter.com/KentishExpress,2,KentishExpress
Kentish Express (Tenterden),https://www.kentonline.co.uk/tenterden/,https://twitter.com/KentishExpress,2,KentishExpress
Kentish Gazette,https://www.kentonline.co.uk/canterbury/,https://twitter.com/KentishGazette,2,KentishGazette
Kilmarnock Standard,https://www.dailyrecord.co.uk/all-about/kilmarnock,https://twitter.com/Daily_Record,1,Daily_Record
Kilsyth Chronicle,https://www.glasgowworld.com/,https://twitter.com/GlasgowWorldUK,1,GlasgowWorldUK
Kincardineshire Observer,https://www.scotsman.com/regions/aberdeen-and-north-east,https://twitter.com/TheScotsman,1,TheScotsman
Kingsbridge & Salcombe Gazette,https://www.kingsbridge-today.co.uk/,https://twitter.com/NewsSouthHams,1,NewsSouthHams
Kirkby Star,https://www.liverpoolecho.co.uk/,https://twitter.com/LivEchonews,1,LivEchonews
Kirkintilloch Herald,https://www.glasgowworld.com/,https://twitter.com/GlasgowWorldUK,1,GlasgowWorldUK
Knaresborough Post,https://www.harrogateadvertiser.co.uk/news/local/knaresborough,https://twitter.com/HgateAdvertiser,1,HgateAdvertiser
Knutsford Guardian,https://www.knutsfordguardian.co.uk/,https://twitter.com/KnutsfordNews,1,KnutsfordNews
Lanark Gazette,https://www.glasgowworld.com/,https://twitter.com/GlasgowWorldUK,1,GlasgowWorldUK
Lancashire Evening Post,https://www.lep.co.uk/,https://twitter.com/leponline,1,leponline
Lancashire Telegraph,https://www.lancashiretelegraph.co.uk/,https://twitter.com/lancstelegraph,11,lancstelegraph
Lancaster Guardian,https://www.lancasterguardian.co.uk/,https://twitter.com/guardiandigital,1,guardiandigital
Largs & Millport Weekly News,https://www.largsandmillportnews.com/,https://twitter.com/largsnews,1,largsnews
Larne Times,https://www.northernirelandworld.com/,https://twitter.com/nirelandworld,1,nirelandworld
Launceston & Bude Journal Gazette,https://www.thepost.uk.com/,https://twitter.com/ThePostSeries,1,ThePostSeries
Leamington Observer,https://leamingtonobserver.co.uk/,https://twitter.com/leamobs,1,leamobs
Leamington Spa Courier,https://www.warwickshireworld.com/,https://twitter.com/WwickshireWorld,1,WwickshireWorld
Leatherhead Advertiser,https://www.getsurrey.co.uk/all-about/dorking,https://twitter.com/SurreyLive,2,SurreyLive
Ledbury Reporter,https://www.ledburyreporter.co.uk/,https://twitter.com/ledburyreporter,1,ledburyreporter
Leek Post and Times,https://www.stokesentinel.co.uk/all-about/post-times,https://twitter.com/Sotlive,1,Sotlive
Leicester Mercury,https://www.leicestermercury.co.uk/,https://twitter.com/leicslive,1,leicslive
Leigh Journal,https://www.leighjournal.co.uk/,https://twitter.com/leighjournal,1,leighjournal
Leigh Reporter,https://www.wigantoday.net/,https://twitter.com/wigtoday,1,wigtoday
Leighton Buzzard Observer,https://www.leightonbuzzardonline.co.uk/,https://twitter.com/LBOnews,1,LBOnews
Lennox Herald,https://www.dailyrecord.co.uk/all-about/west-dunbartonshire,https://twitter.com/Daily_Record,1,Daily_Record
Lewisham & Catford News Shopper,https://www.newsshopper.co.uk/news/lewisham/,https://www.twitter.com/newsshopper,1,newsshopper
Lewisham Ledger,https://lewishamledger.tumblr.com/,http://twitter.com/lewishamledger,2,lewishamledger
Limavady Chronicle,https://www.northernconstitution.co.uk/,https://twitter.com/Limavady_Con?lang=en,1,Limavady_Con
Lincolnshire Echo,https://www.lincolnshirelive.co.uk/,https://twitter.com/LincsLive,1,LincsLive
Lincolnshire Free Press,https://www.spaldingtoday.co.uk/,https://twitter.com/spalding2day,1,spalding2day
Linlithgow Journal & Gazette,https://www.falkirkherald.co.uk/,https://twitter.com/falkirk_herald,1,falkirk_herald
Lisburn Echo,https://www.northernirelandworld.com/,https://twitter.com/nirelandworld,1,nirelandworld
Littlehampton Gazette,https://www.sussexexpress.co.uk/your-sussex/west-sussex/littlehampton,https://twitter.com/Sussex_World,1,Sussex_World
Liverpool Echo,https://www.liverpoolecho.co.uk/,https://twitter.com/LivEchonews,1,LivEchonews
Liverpool Sunday Echo,https://www.liverpoolecho.co.uk/,https://twitter.com/LivEchonews,1,LivEchonews
Llanelli Star,https://www.walesonline.co.uk/all-about/swansea,https://twitter.com/WalesOnline,2,WalesOnline
Local Voice Network,https://filtonvoice.co.uk/,https://twitter.com/filtonvoice,2,filtonvoice
London Se1,https://www.london-se1.co.uk/,https://twitter.com/se1,1,se1
Londonderry Sentinel,https://www.northernirelandworld.com/,https://twitter.com/nirelandworld,1,nirelandworld
Longridge News & Ribble Valley Advertiser,https://www.lep.co.uk/read-this/welcome-lepcouk-best-place-lancashire-news-and-sport-2534523,https://twitter.com/leponline?ref_src=twsrc%5Egoogle%7Ctwcamp%5Eserp%7Ctwgr%5Eauthor,2,leponline
Loughborough Echo,https://www.leicestermercury.co.uk/all-about/loughborough,https://twitter.com/leicslive,2,leicslive
Louth Leader,https://www.lincolnshireworld.com/,https://twitter.com/LincsWorld,1,LincsWorld
Lowestoft Journal,https://www.lowestoftjournal.co.uk/,https://twitter.com/lowjournal,1,lowjournal
Ludlow Advertiser,https://www.ludlowadvertiser.co.uk/,https://twitter.com/ludlowtenbury,1,ludlowtenbury
Lurgan Mail,https://www.northernirelandworld.com/,https://twitter.com/nirelandworld,1,nirelandworld
Luton News,https://www.lutontoday.co.uk/,https://twitter.com/lutonnews,1,lutonnews
Lutterworth Observer,https://www.rugbyobserver.co.uk/,https://twitter.com/RugbyObserver,1,RugbyObserver
Lyme Online,https://lyme-online.co.uk/,https://twitter.com/LymeOnlineUK,28,LymeOnlineUK
Lymington Times,https://www.advertiserandtimes.co.uk/,https://twitter.com/Lymingtontimes,1,Lymingtontimes
Lynn News,https://www.lynnnews.co.uk/,https://twitter.com/thelynnnews?lang=en,1,thelynnnews
Lytham St Annes Express,https://www.blackpoolgazette.co.uk/,https://www.twitter.com/the_gazette,2,the_gazette
Mablethorpe & Sutton Leader,https://www.lincolnshireworld.com/,https://twitter.com/LincsWorld,1,LincsWorld
Macclesfield Express,https://www.cheshire-live.co.uk/all-about/macclesfield,https://twitter.com/CheshireLive,2,CheshireLive
Maghall & Aintree Star,https://www.liverpoolecho.co.uk/all-about/maghull,https://twitter.com/LivEchonews,1,LivEchonews
Maidenhead Advertiser,https://www.maidenhead-advertiser.co.uk/,https://twitter.com/MaidenheadAds,3,MaidenheadAds
Maidstone & Medway News,https://www.kentlive.news/,https://twitter.com/kentlivenews,1,kentlivenews
Maldon Standard,https://www.maldonandburnhamstandard.co.uk/,https://twitter.com/maldonstandard,1,maldonstandard
Malvern Gazette,https://www.malverngazette.co.uk/,https://twitter.com/MalvernGazette,1,MalvernGazette
Malvern Observer,https://www.malvernobserver.co.uk/,https://twitter.com/malvernobserver,1,malvernobserver
Manchester Evening News,https://www.manchestereveningnews.co.uk/,https://twitter.com/MENNewsdesk,1,MENNewsdesk
Manchester Weekly News,https://www.manchestereveningnews.co.uk/,https://twitter.com/MENNewsdesk,1,MENNewsdesk
Mansfield Chad,https://www.chad.co.uk/,https://twitter.com/chadnews,1,chadnews
Market Drayton Advertiser,https://www.shropshirestar.com/news/local-hubs/north-shropshire/market-drayton/,https://twitter.com/shropshirestar,1,shropshirestar
Market Rasen Mail,https://www.lincolnshireworld.com/,https://twitter.com/LincsWorld,1,LincsWorld
Matlock Mercury,https://www.derbyshiretimes.co.uk/,https://twitter.com/D_Times,1,D_Times
Mearns Leader,https://www.scotsman.com/regions/aberdeen-and-north-east,https://twitter.com/TheScotsman,1,TheScotsman
Medway Messenger,https://www.kentonline.co.uk/medway/,https://twitter.com/MedwayMessenger,2,MedwayMessenger
Melksham Independent News,http://www.melkshamnews.co.uk/,https://twitter.com/melkshamnews,1,melkshamnews
Melton Times,https://www.meltontimes.co.uk/,https://twitter.com/meltontimes,1,meltontimes
Mercury Extra,https://www.leicestermercury.co.uk/,https://twitter.com/leicslive,1,leicslive
Merthyr Express,https://www.walesonline.co.uk/news/,https://twitter.com/WalesOnline,1,WalesOnline
Mid Beds Times & Citizen,https://www.bedfordtoday.co.uk/news/local/mid-beds,https://twitter.com/BedfordTC,1,BedfordTC
Mid Hampshire Observer,https://www.hantsdirect.com/,https://twitter.com/Observerseries,1,Observerseries
Mid Sussex Times,https://www.sussexexpress.co.uk/your-sussex/west-sussex/mid-sussex,https://twitter.com/Sussex_World,1,Sussex_World
Mid Sussex Weekend Herald,https://www.sussexexpress.co.uk/your-sussex/west-sussex/mid-sussex,https://twitter.com/Sussex_World,1,Sussex_World
Mid Wales Journal,https://www.shropshirestar.com/news/local-hubs/south-shropshire/,https://twitter.com/shropshirestar,1,shropshirestar
Mid-Devon Advertiser (Ashburton & Buckfastleigh),https://www.middevonadvertiser.co.uk/,https://twitter.com/mdaupdates,1,mdaupdates
Mid-Devon Advertiser (Bovey Tracey & Chudleigh),https://www.middevonadvertiser.co.uk/,https://twitter.com/mdaupdates,1,mdaupdates
Mid-Devon Advertiser (Kingsteignton),https://www.middevonadvertiser.co.uk/,https://twitter.com/mdaupdates,1,mdaupdates
Mid-Devon Advertiser (Newton Abbot),https://www.middevonadvertiser.co.uk/,https://twitter.com/mdaupdates,1,mdaupdates
Mid-Ulster Mail,https://www.northernirelandworld.com/,https://twitter.com/nirelandworld,1,nirelandworld
Mid-Ulster Mail (South Derry),https://www.northernirelandworld.com/,https://twitter.com/nirelandworld,1,nirelandworld
Middleton & North Manchester Guardian,https://www.manchestereveningnews.co.uk/all-about/middleton,https://twitter.com/MENNewsdesk,1,MENNewsdesk
Middlewich Guardian,https://www.northwichguardian.co.uk/,https://twitter.com/NorthwichNews,1,NorthwichNews
Midhurst & Petworth Observer,https://www.sussexexpress.co.uk/your-sussex/west-sussex/midhurst-and-petworth,https://twitter.com/Sussex_World,1,Sussex_World
Midlothian Advertiser,https://www.edinburghnews.scotsman.com/,https://twitter.com/edinburghpaper,1,edinburghpaper
Midlothian View,https://www.midlothianview.com/,https://twitter.com/MidlothianView,1,MidlothianView
"Midsomer Norton, Radstock and District Journal",https://www.mnrjournal.co.uk/,https://twitter.com/mnrjournal,1,mnrjournal
Midweek Herald,https://www.stratford-herald.com/,https://twitter.com/HeraldNewspaper,2,HeraldNewspaper
Midweek Mercury (Hitchin),https://www.hertfordshiremercury.co.uk/all-about/buntingford,https://twitter.com/HertsMercury,1,HertsMercury
Midweek Observer,https://www.sloughobserver.co.uk/,https://twitter.com/sloughobserver,1,sloughobserver
Milngavie & Bearsden Herald,https://www.glasgowworld.com/,https://twitter.com/GlasgowWorldUK,1,GlasgowWorldUK
Milton Keynes Citizen,https://www.miltonkeynes.co.uk/,https://twitter.com/mk_citizen,1,mk_citizen
Mitcham & Morden Guardian,https://www.wimbledonguardian.co.uk/,https://twitter.com/wimbledonnews,1,wimbledonnews
Monmouthshire Beacon,https://www.monmouthshirebeacon.co.uk/,https://twitter.com/monbeacon,1,monbeacon
Morecambe Guardian,https://www.lancasterguardian.co.uk/,https://twitter.com/guardiandigital,1,guardiandigital
Morpeth Herald,https://www.northumberlandgazette.co.uk/,https://twitter.com/alnwickgazette,1,alnwickgazette
Motherwell Times,https://www.glasgowworld.com/,https://twitter.com/GlasgowWorldUK,1,GlasgowWorldUK
My Newtown,https://www.mynewtown.co.uk/,https://twitter.com/my_newtown,1,my_newtown
My Welshpool,https://www.mywelshpool.co.uk/,http://twitter.com/mywelshpool,1,mywelshpool
Nantwich Chronicle,https://www.cheshire-live.co.uk/all-about/crewe,https://twitter.com/CheshireLive,2,CheshireLive
Nantwich News,https://thenantwichnews.co.uk/category/news/,https://twitter.com/cheshireeast,15,cheshireeast
Nelson Leader,https://www.burnleyexpress.net/,https://twitter.com/burnleyexpress,1,burnleyexpress
New Forest Post,https://www.dailyecho.co.uk/news/district/newforest/,https://twitter.com/dailyecho,4,dailyecho
New Milton Advertiser,https://www.advertiserandtimes.co.uk/,https://twitter.com/Lymingtontimes,1,Lymingtontimes
Newark Advertiser,https://www.newarkadvertiser.co.uk/,https://twitter.com/advertisergroup,1,advertisergroup
Newbury & Thatcham Advertiser,https://www.newburytoday.co.uk/,https://twitter.com/newburytoday,1,newburytoday
Newbury Weekly News,https://www.newburytoday.co.uk/,https://twitter.com/newburytoday,1,newburytoday
Newcastle upon Tyne Sunday Sun,https://www.chroniclelive.co.uk/all-about/sunday-sun,https://twitter.com/ChronicleLive,1,ChronicleLive
Newham Recorder,https://www.newhamrecorder.co.uk/,https://twitter.com/newhamrecorder,1,newhamrecorder
Newmarket Journal,https://www.suffolknews.co.uk/newmarket/,https://twitter.com/SuffolkNewswire,2,SuffolkNewswire
Newry Democrat,https://www.newrydemocrat.com/,https://twitter.com/NewryDemo?ref_src=twsrc%5Egoogle%7Ctwcamp%5Eserp%7Ctwgr%5Eauthor,1,NewryDemo
Newry Reporter,http://www.newryreporter.com/,https://twitter.com/newryreporter,1,newryreporter
News & Star - Carlisle,https://www.newsandstar.co.uk/,https://twitter.com/newsandstar,1,newsandstar
News Guardian - Whitley Bay,https://www.northumberlandgazette.co.uk/,https://twitter.com/alnwickgazette,1,alnwickgazette
News Journal,https://www.news-journal.co.uk,https://twitter.com/MansAshNews,1,MansAshNews
Newtownabbey Times,https://www.northernirelandworld.com/,https://twitter.com/nirelandworld,1,nirelandworld
North Belfast News,https://group.belfastmedia.com/,https://twitter.com/ATownNews,152,ATownNews
North Devon Journal (Barnstaple),https://www.devonlive.com/,https://twitter.com/devonlivenews,1,devonlivenews
North Devon Journal (Bideford),https://www.devonlive.com/,https://twitter.com/devonlivenews,1,devonlivenews
North Devon Journal (Holsworthy),https://www.devonlive.com/,https://twitter.com/devonlivenews,1,devonlivenews
North Devon Journal (Ilfracombe),https://www.devonlive.com/,https://twitter.com/devonlivenews,1,devonlivenews
North Edinburgh Community News,https://www.thenen.co.uk,http://www.twitter.com/16032925,1,NorthEdinbNews
North Norfolk News,https://www.northnorfolknews.co.uk/,https://twitter.com/nthnorfolknews,1,nthnorfolknews
North Somerset Mercury,https://www.somersetlive.co.uk/,https://twitter.com/somersetlive,1,somersetlive
North Somerset Times,https://www.northsomersettimes.co.uk/,https://twitter.com/NSomTimes,1,NSomTimes
North Star,https://www.ross-shirejournal.co.uk/,https://twitter.com/Rossnews,1,Rossnews
North Wales Chronicle,https://www.northwaleschronicle.co.uk/,https://twitter.com/NorthWalesChron,1,NorthWalesChron
North Wales Pioneer,https://www.northwalespioneer.co.uk/,https://twitter.com/NWPioneer,1,NWPioneer
North Wales Weekly News,https://www.dailypost.co.uk/,https://twitter.com/northwaleslive,1,northwaleslive
North West Telegraph,https://www.belfasttelegraph.co.uk/,https://twitter.com/beltel/,1,beltel
North Yorkshire Advertiser,https://www.thenorthernecho.co.uk/news/local/northyorkshire/,https://twitter.com/TheNorthernEcho,2,TheNorthernEcho
North Yorkshire News,https://www.harrogateadvertiser.co.uk/read-this/welcome-harrogate-advertiser-latest-news-and-sport-2534631,https://twitter.com/HgateAdvertiser?ref_src=twsrc%5Egoogle%7Ctwcamp%5Eserp%7Ctwgr%5Eauthor,2,HgateAdvertiser
North.Wales,https://north.wales,https://www.twitter.com/northdotwales/,9,northdotwales
Northampton Chronicle,https://www.northamptonchron.co.uk/,https://twitter.com/chronandecho,1,chronandecho
Northamptonshire Telegraph,https://www.northantstelegraph.co.uk/,https://twitter.com/ntelegraph,1,ntelegraph
Northern Constitution,https://www.northernconstitution.co.uk/,https://twitter.com/Limavady_Con?lang=en,1,Limavady_Con
Northern Echo,https://www.thenorthernecho.co.uk/,https://twitter.com/TheNorthernEcho,2,TheNorthernEcho
Northern Scot,https://www.northern-scot.co.uk/,https://twitter.com/NScot,1,NScot
Northern Times,https://www.northern-times.co.uk/,https://twitter.com/NTnewspaper,1,NTnewspaper
Northumberland Gazette,https://www.northumberlandgazette.co.uk/,https://twitter.com/alnwickgazette,1,alnwickgazette
Northumberland News Post Leader,https://www.northumberlandgazette.co.uk/,https://twitter.com/alnwickgazette,1,alnwickgazette
Northwich Guardian,https://www.northwichguardian.co.uk/,https://twitter.com/NorthwichNews,1,NorthwichNews
Norwich Evening News,https://www.eveningnews24.co.uk/,https://twitter.com/EveningNews,1,EveningNews
Nottingham Post,https://www.nottinghampost.com/,https://twitter.com/nottslive,1,nottslive
Nottingham Post Lite,https://www.nottinghampost.com/,https://twitter.com/nottslive,1,nottslive
Oggy Bloggy Ogwr,https://oggybloggyogwr.com/,https://twitter.com/oggybloggyogwr,1,oggybloggyogwr
Okehampton Times,https://www.okehampton-today.co.uk/,https://twitter.com/okeytimes,1,okeytimes
Ormskirk Advertiser,https://www.liverpoolecho.co.uk/all-about/southport?service=responsive,https://twitter.com/LivEchonews,1,LivEchonews
Oswestry & Border Counties Advertizer,https://www.bordercountiesadvertizer.co.uk/,https://twitter.com/advertizer,1,advertizer
Ottery Herald,https://www.sidmouthherald.co.uk/,https://twitter.com/sidmouthherald,1,sidmouthherald
Oxford Mail,https://www.oxfordmail.co.uk/,https://twitter.com/theoxfordmail,4,theoxfordmail
Oxford Times,https://www.oxfordmail.co.uk/,https://twitter.com/theoxfordmail,4,theoxfordmail
Paisley & Renfrewshire Gazette,https://www.the-gazette.co.uk/,https://twitter.com/RenfrewshireGaz,1,RenfrewshireGaz
Paisley Daily Express,https://www.dailyrecord.co.uk/all-about/paisley,https://twitter.com/Daily_Record,1,Daily_Record
Paisley People,https://www.the-gazette.co.uk/,https://twitter.com/RenfrewshireGaz,1,RenfrewshireGaz
Patchway Journal,http://www.patchwayjournal.co.uk,http://twitter.com/PatchwayJournal,2,PatchwayJournal
Peeblesshire News,https://www.peeblesshirenews.com/,https://twitter.com/peeblesnews,1,peeblesnews
Pendle Express,https://www.burnleyexpress.net/,https://twitter.com/burnleyexpress,1,burnleyexpress
Perthshire Advertiser,https://www.dailyrecord.co.uk/all-about/perthshire,https://twitter.com/Daily_Record,2,Daily_Record
Peterborough Telegraph,https://www.peterboroughtoday.co.uk/,https://twitter.com/peterboroughtel,1,peterboroughtel
Peterlee Star,https://www.sunderlandecho.com/,https://twitter.com/SunderlandEcho,1,SunderlandEcho
Petersfield Messenger,https://www.petersfieldpost.co.uk/,https://twitter.com/postpfield,1,postpfield
Petersfield Post,https://www.petersfieldpost.co.uk/,https://twitter.com/postpfield,1,postpfield
Pinner Observer,https://www.mylondon.news/all-about/harrow,https://twitter.com/myldn,1,myldn
Pocklington Post,https://www.yorkshirepost.co.uk/,https://twitter.com/yorkshirepost,1,yorkshirepost
Pontefract & Castleford Express,https://www.wakefieldexpress.co.uk/,https://twitter.com/WakeExpress,1,WakeExpress
Pontypridd & Llantrisant Observer,https://www.walesonline.co.uk/all-about/pontypridd,https://twitter.com/WalesOnline,1,WalesOnline
Portadown Times,https://www.northernirelandworld.com/,https://twitter.com/nirelandworld,1,nirelandworld
Potters Bar Press,https://www.yellowad.co.uk/,https://twitter.com/basildonya,1,basildonya
Prescot & Knowsley Reporter,https://www.liverpoolworld.uk/your-merseyside/st-helens,https://twitter.com/_LiverpoolWorld,1,_LiverpoolWorld
Press & Journal (Aberdeen),https://www.pressandjournal.co.uk/,https://www.twitter.com/pressjournal,1,pressjournal
Prestwich & Whitefield Guide,https://www.burytimes.co.uk/,https://twitter.com/BuryTimes,1,BuryTimes
Princetown Times Gazette,https://www.princetown-today.co.uk/,https://twitter.com/tavistocktimes,1,tavistocktimes
Queensferry Gazette,https://www.falkirkherald.co.uk/,https://twitter.com/falkirk_herald,1,falkirk_herald
Radcliffe Times,https://www.burytimes.co.uk/,https://twitter.com/BuryTimes,1,BuryTimes
Reading Chronicle,https://www.readingchronicle.co.uk/,https://twitter.com/rdgchronicle,1,rdgchronicle
Reading Midweek,https://www.readingchronicle.co.uk/,https://twitter.com/rdgchronicle,1,rdgchronicle
Reading Today,https://rdg.today,https://twitter.com/rdgtoday,1,rdgtoday
Redditch Advertiser,https://www.redditchadvertiser.co.uk/,https://twitter.com/Redd_Advertiser,1,Redd_Advertiser
Redditch Standard,https://redditchstandard.co.uk/,https://twitter.com/RedStand,1,RedStand
Retford Times,https://www.lincolnshirelive.co.uk/,https://twitter.com/LincsLive,1,LincsLive
Retford Trader & Guardian,https://www.worksopguardian.co.uk/read-this/welcome-worksop-guardian-2534509,https://twitter.com/WGUNews,1,WGUNews
Rhondda Leader,https://www.walesonline.co.uk/all-about/rhondda,https://twitter.com/WalesOnline,1,WalesOnline
Rhyl Prestatyn Abergele Journal,https://www.rhyljournal.co.uk/,https://twitter.com/rjournal,1,rjournal
Rhymney Valley Express,https://www.walesonline.co.uk/all-about/rhymney,https://twitter.com/WalesOnline,2,WalesOnline
Richmond & Twickenham Times,https://www.richmondandtwickenhamtimes.co.uk/,https://twitter.com/richmondtimes,1,richmondtimes
Richmonshire Today,https://www.richmondshiretoday.co.uk/,https://twitter.com/richmond_today,1,richmond_today
Ripon Gazette,https://www.harrogateadvertiser.co.uk/,https://twitter.com/HgateAdvertiser,1,HgateAdvertiser
Rochdale Observer,https://www.manchestereveningnews.co.uk/all-about/rochdale,https://twitter.com/MENNewsdesk,2,MENNewsdesk
Roe Valley Sentinel,https://www.northernirelandworld.com/,https://twitter.com/nirelandworld,1,nirelandworld
Romford & Havering Post,https://www.romfordrecorder.co.uk/,https://twitter.com/romfordrecorder,1,romfordrecorder
Romford Recorder,https://www.romfordrecorder.co.uk/,https://twitter.com/romfordrecorder,1,romfordrecorder
Romsey Advertiser,https://www.hampshirechronicle.co.uk/,https://twitter.com/hantschronicle/,1,hantschronicle
Ross Gazette,https://www.rossgazette.com/,https://twitter.com/RossGazette,1,RossGazette
Ross-shire Journal,https://www.ross-shirejournal.co.uk/,https://twitter.com/Rossnews,1,Rossnews
Rossendale Free Press,https://www.lancs.live/all-about/rossendale,https://twitter.com/LiveLancs,1,LiveLancs
Rotherham Advertiser,https://www.rotherhamadvertiser.co.uk/,https://twitter.com/rotherhamtiser,1,rotherhamtiser
Royston Crow,https://www.royston-crow.co.uk/,https://twitter.com/roystoncrow,1,roystoncrow
Rugby Advertiser,https://www.warwickshireworld.com/,https://twitter.com/WwickshireWorld,1,WwickshireWorld
Rugby Observer,https://www.rugbyobserver.co.uk/,https://twitter.com/RugbyObserver,1,RugbyObserver
Ruislip & Eastcote Gazette,https://www.mylondon.news/all-about/ruislip,https://twitter.com/myldn,1,myldn
Runcorn & Widnes Weekly News,https://www.liverpoolecho.co.uk/all-about/runcorn-widnes,https://twitter.com/LivEchonews,1,LivEchonews
Runcorn & Widnes World,https://www.runcornandwidnesworld.co.uk/,https://twitter.com/runcornworld,1,runcornworld
Rutherglen Reformer,https://www.dailyrecord.co.uk/all-about/rutherglen,https://twitter.com/Daily_Record,1,Daily_Record
Rutland & Stamford Mercury,https://www.stamfordmercury.co.uk/,https://twitter.com/Mercury1712,1,Mercury1712
Rutland Times,https://www.rutland-times.co.uk/,https://twitter.com/therutlandtimes,1,therutlandtimes
Rye Observer,https://www.sussexexpress.co.uk/your-sussex/east-sussex/rother,https://twitter.com/Sussex_World,1,Sussex_World
Saddleworth Independent,https://saddind.co.uk,https://twitter.com/SaddIndependent,1,SaddIndependent
Saffron Walden Reporter,https://www.saffronwaldenreporter.co.uk/,https://twitter.com/swaldenreporter,1,swaldenreporter
Sale & Altrincham Advertiser,https://www.manchestereveningnews.co.uk/all-about/trafford,https://twitter.com/MENNewsdesk,2,MENNewsdesk
Sale & Altrincham Messenger,https://www.messengernewspapers.co.uk/,https://twitter.com/MessengerNews_,1,MessengerNews_
Salisbury Advertiser,https://www.salisburyjournal.co.uk/,https://twitter.com/journalupdate,1,journalupdate
Salisbury Journal,https://www.salisburyjournal.co.uk/,https://twitter.com/journalupdate,1,journalupdate
Scarborough News,https://www.thescarboroughnews.co.uk/,https://twitter.com/TheScarboroNews,1,TheScarboroNews
Scunthorpe Telegraph,https://www.grimsbytelegraph.co.uk/all-about/scunthorpe,https://twitter.com/GrimsbyLive,2,GrimsbyLive
Seaham & Houghton Star,https://www.sunderlandecho.com/,https://twitter.com/SunderlandEcho,1,SunderlandEcho
Sentinel Advertiser,https://www.stokesentinel.co.uk/,https://twitter.com/Sotlive,1,Sotlive
Sevenoaks Chronicle,https://www.kentlive.news/,https://twitter.com/kentlivenews,1,kentlivenews
Sheerness Times Guardian,https://www.kentonline.co.uk/sheerness/,https://twitter.com/TimesGuardian,1,TimesGuardian
Sheffield Star,https://www.thestar.co.uk/,https://twitter.com/sheffieldstar,2,sheffieldstar
Sheffield Telegraph,https://www.thestar.co.uk/,https://twitter.com/sheffieldstar,2,sheffieldstar
Shepshed Echo,https://www.loughboroughecho.net/all-about/shepshed,https://twitter.com/loughecho,1,loughecho
Shepton Mallet Journal,https://www.somersetlive.co.uk/,https://twitter.com/somersetlive,1,somersetlive
Shetland News,https://www.shetnews.co.uk/,https://twitter.com/shetnews,1,shetnews
Shields Gazette,https://www.shieldsgazette.com/,https://twitter.com/shieldsgazette,1,shieldsgazette
Shirley Observer,https://solihullobserver.co.uk/,https://twitter.com/solihullobserve,1,solihullobserve
Shrewsbury Chronicle,https://www.shropshirestar.com/news/local-hubs/shrewsbury/,https://twitter.com/shropshirestar,1,shropshirestar
Shropshire Star,https://www.shropshirestar.com/,https://twitter.com/shropshirestar,1,shropshirestar
Sidmouth Herald,https://www.sidmouthherald.co.uk/,https://twitter.com/sidmouthherald,1,sidmouthherald
Sittingbourne Messenger,https://www.kentonline.co.uk/sittingbourne/,https://twitter.com/KMSittingbourne,1,KMSittingbourne
Sittingbourne News Extra,https://www.kentonline.co.uk/sittingbourne/,https://twitter.com/KMSittingbourne,1,KMSittingbourne
Skegness Standard,https://www.lincolnshireworld.com/,https://twitter.com/LincsWorld,1,LincsWorld
Skelmersdale Advertiser,https://www.liverpoolecho.co.uk/all-about/southport?service=responsive,https://twitter.com/LivEchonews,1,LivEchonews
Sleaford Standard,https://www.lincolnshireworld.com/,https://twitter.com/LincsWorld,1,LincsWorld
Sleaford Target,https://www.lincolnshirelive.co.uk/,https://twitter.com/LincsLive,1,LincsLive
Slough & South Bucks Observer,https://www.sloughobserver.co.uk/,https://twitter.com/sloughobserver,1,sloughobserver
Solihull Observer,https://solihullobserver.co.uk/,https://twitter.com/solihullobserve,1,solihullobserve
Somerset County Gazette,https://www.somersetcountygazette.co.uk/,https://twitter.com/CountyGazette,2,CountyGazette
Somerset Guardian,https://www.somersetlive.co.uk/,https://twitter.com/somersetlive,1,somersetlive
South Belfast News,https://group.belfastmedia.com/,https://twitter.com/ATownNews,152,ATownNews
South Bucks Star,https://www.bucksfreepress.co.uk/,https://www.twitter.com/bucksfreepress,1,bucksfreepress
South Glos Post,http://www.southglospost.co.uk,https://twitter.com/SouthGlosPost,2,SouthGlosPost
South Lakes Citizen,https://www.thewestmorlandgazette.co.uk/,https://twitter.com/gazettenewsdesk,1,gazettenewsdesk
South London Press (Brixton),https://londonnewsonline.co.uk/,https://twitter.com/SthLondonPress,2,SthLondonPress
South London Press (Deptford & New Cross),https://londonnewsonline.co.uk/,https://twitter.com/SthLondonPress,2,SthLondonPress
South London Press (Dulwich),https://londonnewsonline.co.uk/,https://twitter.com/SthLondonPress,2,SthLondonPress
South London Press (Forest Hill & Sydenham),https://londonnewsonline.co.uk/,https://twitter.com/SthLondonPress,2,SthLondonPress
South London Press (Streatham),https://londonnewsonline.co.uk/,https://twitter.com/SthLondonPress,2,SthLondonPress
South Manchester Report,https://www.manchestereveningnews.co.uk/,https://twitter.com/MENNewsdesk,1,MENNewsdesk
South Shropshire Journal,https://www.shropshirestar.com/news/local-hubs/south-shropshire/,https://twitter.com/shropshirestar,1,shropshirestar
South Wales Argus,https://www.southwalesargus.co.uk/,https://twitter.com/southwalesargus,1,southwalesargus
South Wales Echo,https://www.walesonline.co.uk/all-about/cardiff,https://twitter.com/WalesOnline,2,WalesOnline
South Wales Evening Post,https://www.walesonline.co.uk/all-about/swansea,https://twitter.com/WalesOnline,2,WalesOnline
South Wales Guardian,https://www.southwalesguardian.co.uk/,https://twitter.com/SWGuardian,1,SWGuardian
Southampton News Extra,https://www.dailyecho.co.uk/,https://twitter.com/dailyecho,4,dailyecho
Southend Standard,https://www.echo-news.co.uk/,https://www.twitter.com/Essex_Echo,1,Essex_Echo
Southern Daily Echo,https://www.dailyecho.co.uk/,https://twitter.com/dailyecho,4,dailyecho
Southern Reporter,https://www.thesouthernreporter.co.uk/,https://twitter.com/Sreporter,1,Sreporter
Southport Visiter,https://www.liverpoolecho.co.uk/all-about/southport,https://twitter.com/LivEchonews,1,LivEchonews
Spalding Guardian,https://www.spaldingtoday.co.uk/,https://twitter.com/spalding2day,1,spalding2day
Spenborough Guardian,https://www.dewsburyreporter.co.uk/,https://twitter.com/DewsReporter,1,DewsReporter
Spilsby Standard,https://www.lincolnshireworld.com/,https://twitter.com/LincsWorld,1,LincsWorld
Springburn Herald,https://www.glasgowworld.com/,https://twitter.com/GlasgowWorldUK,1,GlasgowWorldUK
St Albans & Harpenden Review,https://www.stalbansreview.co.uk/,https://twitter.com/Review_Eagle,1,Review_Eagle
St Andrews Citizen,https://www.fifetoday.co.uk/,https://twitter.com/FFP,1,FFP
St Helens Star,https://www.sthelensstar.co.uk/,https://twitter.com/sthelensstar,1,sthelensstar
Staffordshire Newsletter,https://www.stokesentinel.co.uk/all-about/staffordshire-newsletter,https://twitter.com/Sotlive,1,Sotlive
Staines Informer,https://www.getsurrey.co.uk/,https://twitter.com/SurreyLive,1,SurreyLive
Steyning Herald,https://www.sussexexpress.co.uk/topic/shoreham,https://twitter.com/Sussex_World,1,Sussex_World
Stirling News,https://www.stirlingnews.co.uk/,https://twitter.com/Stirling_News,1,Stirling_News
Stirling Observer,https://www.dailyrecord.co.uk/all-about/stirling,https://twitter.com/Daily_Record,2,Daily_Record
Stockport Express,https://www.manchestereveningnews.co.uk/all-about/stockport,https://twitter.com/MENNewsdesk,2,MENNewsdesk
Stoke Gifford Journal,http://www.stokegiffordjournal.co.uk,https://twitter.com/TheSGJournal,2,TheSGJournal
Stornoway Gazette & West Coast Advertiser,https://www.stornowaygazette.co.uk/,https://twitter.com/Sygazette,1,Sygazette
Stourbridge News,https://www.stourbridgenews.co.uk/,https://twitter.com/StourbridgeNews,1,StourbridgeNews
Stowmarket Mercury,https://www.stowmarketmercury.co.uk/,https://twitter.com/StowMercury,1,StowMercury
Strabane Weekly News,https://www.strabaneweekly.co.uk/,https://twitter.com/StrabaneWeekly?ref_src=twsrc%5Egoogle%7Ctwcamp%5Eserp%7Ctwgr%5Eauthor,1,StrabaneWeekly
Stratford Herald,https://www.stratford-herald.com/,https://twitter.com/HeraldNewspaper,2,HeraldNewspaper
Stratford Observer,https://www.stratfordobserver.co.uk/,https://twitter.com/strat_observer,1,strat_observer
Strathallan Times,https://www.strathallantimes.co.uk/,https://twitter.com/StrathallanTmes,1,StrathallanTmes
Strathearn Herald,https://www.dailyrecord.co.uk/all-about/perthshire,https://twitter.com/Daily_Record,2,Daily_Record
Strathspey & Badenoch Herald,https://www.strathspey-herald.co.uk/,https://twitter.com/StrathyHerald,1,StrathyHerald
Stretford & Urmston Advertiser,https://www.manchestereveningnews.co.uk/all-about/trafford,https://twitter.com/MENNewsdesk,2,MENNewsdesk
Stretford & Urmston Messenger,https://www.messengernewspapers.co.uk/,https://twitter.com/MessengerNews_,1,MessengerNews_
Stroud News & Journal,https://www.stroudnewsandjournal.co.uk/,https://twitter.com/stroudnews,1,stroudnews
Stroud Times,https://stroudtimes.com/,https://twitter.com/StroudTimes,1,StroudTimes
Sudbury Mercury,https://www.sudburymercury.co.uk/,https://twitter.com/StowMercury,1,StowMercury
Suffolk Free Press,https://www.suffolknews.co.uk/sudbury/,https://twitter.com/SuffolkNewswire,2,SuffolkNewswire
Sunday Independent,https://indyonline.co.uk/,https://twitter.com/thesundayindy,1,thesundayindy
Sunday Independent (Cornwall),https://indyonline.co.uk/,https://twitter.com/thesundayindy,1,thesundayindy
Sunday Independent (Devon),https://indyonline.co.uk/,https://twitter.com/thesundayindy,1,thesundayindy
Sunday Independent (Plymouth),https://indyonline.co.uk/,https://twitter.com/thesundayindy,1,thesundayindy
Sunday Life,https://www.belfasttelegraph.co.uk/sunday-life,https://twitter.com/beltel/,1,beltel
Sunday Mercury,https://www.birminghammail.co.uk/all-about/sunday-mercury,https://twitter.com/birmingham_live,1,birmingham_live
Sunderland Echo,https://www.sunderlandecho.com/,https://twitter.com/SunderlandEcho,1,SunderlandEcho
Surrey & Hants News,https://www.farnhamherald.com/,https://twitter.com/farnhamherald,1,farnhamherald
Surrey & Hants Star Courier,https://www.getsurrey.co.uk/news/hampshire-news/,https://twitter.com/SurreyLive,2,SurreyLive
Surrey Advertiser (Chertsey & Addlestone),https://www.getsurrey.co.uk/,https://twitter.com/SurreyLive,1,SurreyLive
Surrey Advertiser (Cranleigh),https://www.getsurrey.co.uk/,https://twitter.com/SurreyLive,1,SurreyLive
Surrey Advertiser (Dorking & Leatherhead),https://www.getsurrey.co.uk/,https://twitter.com/SurreyLive,1,SurreyLive
Surrey Advertiser (Elmbridge),https://www.getsurrey.co.uk/,https://twitter.com/SurreyLive,1,SurreyLive
Surrey Advertiser (Godalming),https://www.getsurrey.co.uk/,https://twitter.com/SurreyLive,1,SurreyLive
Surrey Advertiser (Guildford),https://www.getsurrey.co.uk/,https://twitter.com/SurreyLive,1,SurreyLive
Surrey Advertiser (Woking),https://www.getsurrey.co.uk/,https://twitter.com/SurreyLive,1,SurreyLive
Surrey Comet,https://www.surreycomet.co.uk/,https://www.twitter.com/surreycomet,1,surreycomet
Surrey Comet (Elmbridge),https://www.surreycomet.co.uk/,https://www.twitter.com/surreycomet,1,surreycomet
Surrey Mirror (Caterham),https://www.getsurrey.co.uk/all-about/reigate,https://twitter.com/SurreyLive,2,SurreyLive
Surrey Mirror (Horley & Gatwick),https://www.getsurrey.co.uk/all-about/reigate,https://twitter.com/SurreyLive,2,SurreyLive
Surrey Mirror (Main Edition),https://www.getsurrey.co.uk/all-about/reigate,https://twitter.com/SurreyLive,2,SurreyLive
Surrey Mirror (Tandridge),https://www.getsurrey.co.uk/all-about/reigate,https://twitter.com/SurreyLive,2,SurreyLive
Sussex Express (Hailsham),https://www.sussexexpress.co.uk/,https://twitter.com/Sussex_World,1,Sussex_World
"Sussex Express (Heathfield, Uckfield & Crowborough)",https://www.sussexexpress.co.uk/,https://twitter.com/Sussex_World,1,Sussex_World
Sussex Express (Lewes),https://www.sussexexpress.co.uk/,https://twitter.com/Sussex_World,1,Sussex_World
Sussex Express (Newhaven & Peacehaven),https://www.sussexexpress.co.uk/,https://twitter.com/Sussex_World,1,Sussex_World
Sutton Guardian,https://www.yourlocalguardian.co.uk/,https://www.twitter.com/localguardian,1,localguardian
Swanage & Wareham Advertiser,https://www.bournemouthecho.co.uk/news/districts/purbeck/,https://twitter.com/Bournemouthecho,2,Bournemouthecho
Swindon Advertiser,https://www.swindonadvertiser.co.uk/,https://twitter.com/swindonadver,4,swindonadver
Swindon Star,https://www.swindonadvertiser.co.uk/,https://twitter.com/swindonadver,4,swindonadver
Tamworth Herald,https://www.birminghammail.co.uk/all-about/tamworth,https://twitter.com/birmingham_live,2,birmingham_live
Tavistock Times Gazette,https://www.tavistock-today.co.uk/,https://twitter.com/tavistocktimes,1,tavistocktimes
Teesdale Mercury,https://www.teesdalemercury.co.uk/,https://twitter.com/teesdalemercury,1,teesdalemercury
Teignmouth News,https://www.dawlish-today.co.uk/,https://twitter.com/dawlishgaz,1,dawlishgaz
Teignmouth Post,https://www.teignmouth-today.co.uk/,https://twitter.com/mdaupdatess,1,mdaupdatess
Telford Journal,https://www.shropshirestar.com/news/local-hubs/telford/,https://twitter.com/shropshirestar,1,shropshirestar
Telford Live,https://www.telford-live.com/,http://www.twitter.com/telfordlive,3,telfordlive
Tenby Observer,https://www.tenby-today.co.uk/,https://twitter.com/tenbyobserver,1,tenbyobserver
The Ambler,https://www.theambler.co.uk/,https://twitter.com/AmbleByTheSea,1,AmbleByTheSea
The Bridlington Echo,https://bridlingtonecho.co.uk,https://twitter.com/intent/tweet?text=Breaking+News%E2%80%A6Road+closed+near+Bempton+after+police+incident&url=https%3A%2F%2Fbridlingtonecho.co.uk%2Fbreaking-newsroad-closed-near-bempton-after-police-incident%2F,6,intent
The Bristol Cable,https://thebristolcable.org,https://twitter.com/TheBristolCable,1,TheBristolCable
The Bucks Herald,https://www.bucksherald.co.uk/,https://twitter.com/bucks_herald,1,bucks_herald
The Chronicle (Sandbach & Middlewich Edition),https://www.cheshire-live.co.uk/all-about/crewe,https://twitter.com/CheshireLive,2,CheshireLive
The Chronicle - Newcastle,https://www.chroniclelive.co.uk/,https://twitter.com/ChronicleLive,1,ChronicleLive
The Citizen (Blackburn),https://www.lancashiretelegraph.co.uk/news/blackburn/,https://twitter.com/lancstelegraph,11,lancstelegraph
The Cornishman,https://www.cornwalllive.com/,https://twitter.com/cornwalllive,1,cornwalllive
The County Down Outlook,https://www.outlooknews.co.uk/,https://twitter.com/codownoutlook?lang=en,1,codownoutlook
The Cumberland News,https://www.newsandstar.co.uk/,https://twitter.com/newsandstar,1,newsandstar
The Docklands & East London Advertiser,https://www.eastlondonadvertiser.co.uk/,https://twitter.com/eladvertiser,1,eladvertiser
The Echo (Basildon),https://www.echo-news.co.uk/,https://www.twitter.com/Essex_Echo,1,Essex_Echo
The Echo (Castle Point),https://www.echo-news.co.uk/,https://www.twitter.com/Essex_Echo,1,Essex_Echo
The Echo (Southend),https://www.echo-news.co.uk/,https://www.twitter.com/Essex_Echo,1,Essex_Echo
The Ems,https://emsworth.org.uk/the-ems/,https://twitter.com/EmsworthLife,1,EmsworthLife
The Ferret,https://theferret.scot/,https://twitter.com/ferretscot,1,ferretscot
The Forester,https://www.theforester.co.uk/,https://twitter.com/theforesternews,1,theforesternews
The Hawick Paper,https://thehawickpaper.co.uk/,https://twitter.com/thehawickpaper,2,thehawickpaper
The Herald (Harrogate),https://www.harrogateadvertiser.co.uk/news/local/nidderdale,https://twitter.com/HgateAdvertiser,1,HgateAdvertiser
The Herald (Plymouth),https://www.plymouthherald.co.uk/,https://twitter.com/Plymouth_live,1,Plymouth_live
The Hunts Post (Huntingdon),https://www.huntspost.co.uk/,https://twitter.com/hertsad,1,hertsad
The Hunts Post (St Neots),https://www.huntspost.co.uk/,https://twitter.com/hertsad,1,hertsad
The Impartial Reporter,https://www.impartialreporter.com/,https://twitter.com/impartialrep,1,impartialrep
The Leader (Flintshire),https://www.leaderlive.co.uk/,https://twitter.com/leaderlive,2,leaderlive
The Lincolnite,https://thelincolnite.co.uk/,https://twitter.com/thelincolnite,11,thelincolnite
The Lochside Press,https://thelochsidepress.com,https://twitter.com/https://twitter.com/LochsidePress,1,LochsidePress
The Meteor,https://themeteor.org/,https://twitter.com/PplsAssemblyMcr/status/1611837192204173313,2,PplsAssemblyMcr
The Mourne Observer,https://mourneobserver.com/,https://twitter.com/mourneobserver,1,mourneobserver
The News Letter,https://www.newsletter.co.uk/,https://twitter.com/News_Letter,1,News_Letter
The Orcadian,https://www.orcadian.co.uk/,https://twitter.com/The_Orcadian,1,The_Orcadian
The Peckham Peculiar,https://peckhampeculiar.tumblr.com,https://twitter.com/share,1,share
The Press - Dewsbury,https://www.thepressnews.co.uk/contact-us/,https://twitter.com/ThePressLatest,1,ThePressLatest
The Royal Borough Observer,https://www.windsorobserver.co.uk/,https://twitter.com/windsorobserver,1,windsorobserver
The Sentinel - Stoke,https://www.stokesentinel.co.uk/,https://twitter.com/Sotlive,1,Sotlive
The Trader,https://www.newarkadvertiser.co.uk/,https://twitter.com/advertisergroup,1,advertisergroup
The Visitor (Morecambe),https://www.lancasterguardian.co.uk/,https://twitter.com/guardiandigital,1,guardiandigital
The Watford Free,https://www.watfordobserver.co.uk/,https://twitter.com/Observer_Owl,1,Observer_Owl
The Wokingham Paper,https://wokingham.today/,https://twitter.com/wokinghamtoday,1,wokinghamtoday
The Yorkshire Post,https://www.yorkshirepost.co.uk/,https://twitter.com/yorkshirepost,1,yorkshirepost
Thetford & Brandon Times,https://www.thetfordandbrandontimes.co.uk/,https://twitter.com/TandBTimes,1,TandBTimes
Thirsk Weekly News,https://www.thirskweeklynews.com/,https://twitter.com/thirskweeklynew,1,thirskweeklynew
Thorne Times,https://www.thornetimes.co.uk/,https://twitter.com/Thorne_Times,1,Thorne_Times
Thurrock Gazette,https://www.thurrockgazette.co.uk/,https://www.twitter.com/ThurrockGazette,1,ThurrockGazette
Times & Star (West Cumberland),https://www.timesandstar.co.uk/,https://twitter.com/timesandstar,1,timesandstar
Tiverton Gazette,https://www.devonlive.com/,https://twitter.com/devonlivenews,1,devonlivenews
Tivyside Advertiser,https://www.tivysideadvertiser.co.uk/,https://twitter.com/tivyside,1,tivyside
Torbay Weekly,https://www.torbayweekly.co.uk/,https://twitter.com/TheTorbayWeekly,1,TheTorbayWeekly
Totnes Times,https://www.totnes-today.co.uk/,https://twitter.com/TotnesTimes,1,TotnesTimes
Tottenham & Wood Green Journal,https://www.hamhigh.co.uk/,https://twitter.com/hackneygazette,1,hackneygazette
Troon Times,https://www.ayradvertiser.com/,https://twitter.com/ayradvertiser,1,ayradvertiser
Tyrone Constitution,https://www.tyronecon.co.uk/,https://twitter.com/tyrone_con?lang=en,1,tyrone_con
Tyrone Courier,https://www.tyronecourier.co.uk/,https://twitter.com/TyroneCourier1?ref_src=twsrc%5Egoogle%7Ctwcamp%5Eserp%7Ctwgr%5Eauthor,1,TyroneCourier1
Ulster Gazette,https://www.ulstergazette.co.uk/,https://twitter.com/ulstergazette?ref_src=twsrc%5Egoogle%7Ctwcamp%5Eserp%7Ctwgr%5Eauthor,1,ulstergazette
Ulster Star,https://www.northernirelandworld.com/,https://twitter.com/nirelandworld,1,nirelandworld
Uttoxeter Advertiser,https://www.derbytelegraph.co.uk/all-about/uttoxeter,https://twitter.com/derbyshire_live,1,derbyshire_live
Uttoxeter Echo,https://www.timesechoandlife.co.uk/,http://twitter.com/timesandecho,1,timesandecho
Uxbridge Gazette,https://www.mylondon.news/all-about/uxbridge,https://twitter.com/myldn,1,myldn
VIEW/digital,https://viewdigital.org/,https://twitter.com/VIEWdigital,1,VIEWdigital
Wakefield Express,https://www.wakefieldexpress.co.uk/,https://twitter.com/WakeExpress,1,WakeExpress
Waltham Forest Independent,https://www.guardian-series.co.uk/news/,https://twitter.com/WFGuardian,1,WFGuardian
Walton & Weybridge Informer,https://www.getsurrey.co.uk/,https://twitter.com/SurreyLive,1,SurreyLive
Wandsworth Guardian,https://www.wandsworthguardian.co.uk/,https://twitter.com/wandsworthnews,1,wandsworthnews
Warrington Guardian,https://www.warringtonguardian.co.uk/,https://twitter.com/warringtonnews,3,warringtonnews
Warrington Midweek,https://www.warringtonguardian.co.uk/,https://twitter.com/warringtonnews,3,warringtonnews
Warrington Post,https://www.warringtonguardian.co.uk/,https://twitter.com/warringtonnews,3,warringtonnews
Washington Star,https://www.sunderlandecho.com/,https://twitter.com/SunderlandEcho,1,SunderlandEcho
Watford Observer,https://www.watfordobserver.co.uk/,https://twitter.com/Observer_Owl,1,Observer_Owl
Watton & Swaffham Times,https://www.wattonandswaffhamtimes.co.uk/,https://twitter.com/WSTimes24,1,WSTimes24
Weekend Herald,https://www.sussexexpress.co.uk/your-sussex/west-sussex/crawley,https://twitter.com/Sussex_World,1,Sussex_World
Weekly News (Leeds),https://www.yorkshireeveningpost.co.uk/,https://twitter.com/LeedsNews,1,LeedsNews
Wellington Weekly News,https://www.wellington-today.co.uk/,https://twitter.com/wellingtonweek,1,wellingtonweek
Wells Journal,https://www.somersetlive.co.uk/,https://twitter.com/somersetlive,1,somersetlive
Welwyn Hatfield Times,https://www.whtimes.co.uk/,https://twitter.com/whtimes,1,whtimes
Wembley Observer,https://www.mylondon.news/all-about/harrow,https://twitter.com/myldn,1,myldn
West Bridgford Wire,https://westbridgfordwire.com/,https://twitter.com/westbridgfdwire,1,westbridgfdwire
West Briton (Falmouth & Penryn),https://www.cornwalllive.com/,https://twitter.com/cornwalllive,1,cornwalllive
West Briton (Helston & The Lizard),https://www.cornwalllive.com/,https://twitter.com/cornwalllive,1,cornwalllive
"West Briton (Redruth, Camborne & Hayle)",https://www.cornwalllive.com/,https://twitter.com/cornwalllive,1,cornwalllive
West Briton (Truro & Mid Cornwall),https://www.cornwalllive.com/,https://twitter.com/cornwalllive,1,cornwalllive
West Cornwall Packet,https://www.falmouthpacket.co.uk/news/westcornwall/,https://twitter.com/ThePacket,2,ThePacket
West Highland Free Press,http://www.whfp.com/,https://twitter.com/WHFP1,1,WHFP1
West Leeds Dispatch,https://westleedsdispatch.com/,https://twitter.com/WLDispatch,1,WLDispatch
West Lothian Courier,https://www.dailyrecord.co.uk/all-about/west-lothian,https://twitter.com/Daily_Record,2,Daily_Record
West Somerset Free Press,https://www.wsfp.co.uk/,https://twitter.com/wsfp_newsroom,1,wsfp_newsroom
West Sussex Gazette,https://www.sussexexpress.co.uk/your-sussex/west-sussex,https://twitter.com/Sussex_World,1,Sussex_World
Western Daily Press (Bristol & Wiltshire),https://www.somersetlive.co.uk/,https://twitter.com/somersetlive,1,somersetlive
Western Gazette (Crewkerne),https://www.somersetlive.co.uk/,https://twitter.com/somersetlive,1,somersetlive
Western Gazette (Sherborne),https://www.somersetlive.co.uk/,https://twitter.com/somersetlive,1,somersetlive
Western Gazette (Somerton & Langport),https://www.somersetlive.co.uk/,https://twitter.com/somersetlive,1,somersetlive
"Western Gazette (Wincanton, Castle Cary & Bruton)",https://www.somersetlive.co.uk/,https://twitter.com/somersetlive,1,somersetlive
Western Gazette (Yeovil),https://www.somersetlive.co.uk/,https://twitter.com/somersetlive,1,somersetlive
Western Morning News,https://www.bristolpost.co.uk/,https://twitter.com/bristollive,1,bristollive
Western Morning News (Cornwall),https://www.bristolpost.co.uk/,https://twitter.com/bristollive,1,bristollive
Western Morning News on Sunday,https://www.bristolpost.co.uk/,https://twitter.com/bristollive,1,bristollive
Western Telegraph,https://www.westerntelegraph.co.uk/,https://twitter.com/WTelegraph,1,WTelegraph
Westmorland Gazette,https://www.thewestmorlandgazette.co.uk/,https://twitter.com/gazettenewsdesk,1,gazettenewsdesk
"Weston, Worle & Somerset Mercury",https://www.thewestonmercury.co.uk/,https://twitter.com/WSMERCURY,1,WSMERCURY
Wetherby News,https://www.harrogateadvertiser.co.uk/,https://twitter.com/HgateAdvertiser,1,HgateAdvertiser
Weymouth & Dorchester Advertiser,https://www.dorsetecho.co.uk/,https://twitter.com/Dorsetecho,1,Dorsetecho
Wharfedale & Aireborough Observer,https://www.wharfedaleobserver.co.uk/,https://twitter.com/wharfeobserver,1,wharfeobserver
Whitby Gazette,https://www.thescarboroughnews.co.uk/,https://twitter.com/TheScarboroNews,1,TheScarboroNews
Whitchurch Herald,https://www.whitchurchherald.co.uk/,https://twitter.com/whit_herald,1,whit_herald
White Horse News,http://www.whitehorsenews.co.uk/blog/,https://twitter.com/whitehorsenews,1,whitehorsenews
Whitehaven News,https://www.whitehavennews.co.uk/,https://twitter.com/WhitehavenNews,1,WhitehavenNews
Whitstable Gazette,https://www.kentonline.co.uk/whitstable/,https://twitter.com/KentishGazette,2,KentishGazette
Wigan Evening Post,https://www.wigantoday.net/,https://twitter.com/wigtoday,1,wigtoday
Wigan Observer,https://www.wigantoday.net/,https://twitter.com/wigtoday,1,wigtoday
Wigan Reporter,https://www.wigantoday.net/,https://twitter.com/wigtoday,1,wigtoday
Wilmslow Guardian,https://www.knutsfordguardian.co.uk/,https://twitter.com/KnutsfordNews,1,KnutsfordNews
Wilts & Gloucestershire Standard,https://www.wiltsglosstandard.co.uk/,https://twitter.com/WiltsAndGlosStd,2,WiltsAndGlosStd
Wiltshire Gazette & Herald (Chippenham),https://www.gazetteandherald.co.uk/,https://twitter.com/wiltsgazette,1,wiltsgazette
Wiltshire Gazette & Herald (Devizes),https://www.gazetteandherald.co.uk/,https://twitter.com/wiltsgazette,1,wiltsgazette
Wiltshire Gazette & Herald (Marlborough),https://www.gazetteandherald.co.uk/,https://twitter.com/wiltsgazette,1,wiltsgazette
Wimbledon Guardian,https://www.wimbledonguardian.co.uk/,https://twitter.com/wimbledonnews,1,wimbledonnews
Wimborne & Ferndown Advertiser,https://www.bournemouthecho.co.uk/advertiserseries/,http://twitter.com/Bournemouthecho,2,Bournemouthecho
Winchester News Extra,https://www.hampshirechronicle.co.uk/,https://twitter.com/hantschronicle/,1,hantschronicle
Winchmore Hill Advertiser & Herald,https://www.yellowad.co.uk/,https://twitter.com/basildonya,1,basildonya
Winsford Guardian,https://www.northwichguardian.co.uk/,https://twitter.com/NorthwichNews,1,NorthwichNews
Wirral Globe,https://www.wirralglobe.co.uk/,https://twitter.com/WIRRALGLOBENEWS?lang=en,2,WIRRALGLOBENEWS
Wishaw Press,https://www.dailyrecord.co.uk/all-about/wishaw-news,https://twitter.com/Daily_Record,1,Daily_Record
Woking News and Mail,https://www.wokingnewsandmail.co.uk/,https://twitter.com/woking_newsmail,1,woking_newsmail
"Wokingham, Crowthorne & Sandhurst News",https://www.bracknellnews.co.uk/news/wokingham/,https://twitter.com/bracknellnews,1,bracknellnews
Wokingham.Today,https://wokingham.today/,https://twitter.com/wokinghamtoday,1,wokinghamtoday
Wood & Vale,https://www.hamhigh.co.uk/,https://twitter.com/hackneygazette,1,hackneygazette
Woodford Recorder,https://www.ilfordrecorder.co.uk/,https://twitter.com/huntspost,1,huntspost
Woodley & Earley Chronicle,https://www.readingchronicle.co.uk/,https://twitter.com/rdgchronicle,1,rdgchronicle
Worcester News,https://www.worcesternews.co.uk/,https://twitter.com/worcesternews,2,worcesternews
Worcester Observer,https://worcesterobserver.co.uk/,https://twitter.com/WorcesterObs,1,WorcesterObs
Worksop Guardian,https://www.worksopguardian.co.uk/,https://twitter.com/WGUNews,1,WGUNews
Worthing Herald,https://www.sussexexpress.co.uk/your-sussex/west-sussex/worthing,https://twitter.com/Sussex_World,1,Sussex_World
Wrexham Leader,https://www.leaderlive.co.uk/,https://twitter.com/leaderlive,2,leaderlive
Wrexham.com,https://www.wrexham.com/,https://twitter.com/wrexham,15,wrexham
Wymondham Mercury,https://www.dissmercury.co.uk/,https://twitter.com/derehamtimes,1,derehamtimes
Wythenshawe Reporter,https://wythenshawereporter.com/,https://twitter.com/hashtag/LDReporter?src=hash&ref_src=twsrc%5Etfw,4,hashtag
Y Cymro,https://www.cambrian-news.co.uk/,https://twitter.com/cambriannews,1,cambriannews
York Mix,https://yorkmix.com/,https://twitter.com/theyorkmix,1,theyorkmix
Yorkshire Evening Post,https://www.yorkshireeveningpost.co.uk/,https://twitter.com/LeedsNews,1,LeedsNews
You Local Voice,https://www.intouchwythenshawe.co.uk,http://twitter.com/intouchwyth,1,intouchwyth
Your Local Paper,https://www.yourlocalpaper.co.uk/,https://twitter.com/YourLocalPaper,2,YourLocalPaper
Your Thurrock,https://www.yourthurrock.com/,https://www.twitter.com/yourthurrock,1,yourthurrock
